"p_val","avg_log2FC","pct.1","pct.2","p_val_adj","gene"
0,10.5393085515414,0.305,0,0,"GRIN2A"
0,9.54844412354132,0.278,0,0,"SOX2"
0,9.3816032890791,0.31,0,0,"MUC15"
0,9.02086213048136,0.297,0,0,"HS6ST2"
0,8.6656024609974,0.275,0,0,"TFAP2D"
0,8.64642768832251,0.298,0,0,"CYP4X1"
0,8.60656070605307,0.28,0,0,"BRINP1"
0,8.41362456044812,0.266,0,0,"ARHGEF38"
0,8.4026971713816,0.263,0,0,"AL138826.1"
0,8.37169401286203,0.389,0.002,0,"SAA1"
0,8.36376117247497,0.676,0.001,0,"EHF"
0,8.32492769833515,0.36,0.001,0,"GSTA1"
0,8.24329788563808,0.876,0.004,0,"CXCL17"
0,8.18290659118697,0.29,0,0,"PIP"
0,8.1118595632118,0.328,0,0,"DNAH5"
0,8.07214651920712,0.364,0,0,"STEAP3"
0,8.0580207407785,0.33,0.001,0,"SRPX2"
0,7.99110312592518,0.557,0.003,0,"TFF3"
0,7.94816263595516,0.748,0.002,0,"SLITRK6"
0,7.93804447912519,0.259,0.003,0,"BPIFB1"
0,7.91197627597933,0.394,0.001,0,"ALOX15B"
0,7.90856198214025,0.738,0.005,0,"CEACAM6"
0,7.88610664525162,0.322,0,0,"PNMA2"
0,7.87495846957775,0.844,0.007,0,"PIGR"
0,7.86382851104879,0.786,0.002,0,"PDZK1IP1"
0,7.85653200861315,0.627,0.001,0,"C5orf38"
0,7.85394907620148,0.256,0,0,"ITGB6"
0,7.79302576263969,0.4,0.001,0,"RGS7BP"
0,7.76541296975252,0.807,0.11,0,"HP"
0,7.75723170528701,0.49,0.001,0,"SLC6A14"
0,7.72960906861881,0.545,0.001,0,"SEZ6L2"
0,7.72513066927159,0.486,0.004,0,"STC1"
0,7.72401795155304,0.724,0.002,0,"FOLR1"
0,7.70820363576904,0.435,0.001,0,"ESRP1"
0,7.69933154256706,0.957,0.047,0,"WFDC2"
0,7.69643233717129,0.621,0.005,0,"SPINK5"
0,7.6957019000011,0.759,0.003,0,"S100A14"
0,7.68790506164882,0.286,0.001,0,"GCNT3"
0,7.6799541102787,0.891,0.01,0,"CP"
0,7.67767247646694,0.894,0.011,0,"AZGP1"
0,7.67409527461388,0.607,0.002,0,"AGR3"
0,7.65870774768969,0.903,0.01,0,"SFTA2"
0,7.63809361692413,0.353,0,0,"C1QL2"
0,7.63660875215963,0.907,0.004,0,"SMIM22"
0,7.63213510853685,0.863,0.014,0,"NAPSA"
0,7.5967427404925,0.723,0.002,0,"BMP3"
0,7.59059818526056,0.381,0.001,0,"TMPRSS2"
0,7.58994904455799,0.521,0.001,0,"LMO3"
0,7.5672992096859,0.711,0.002,0,"GPC4"
0,7.52713882984219,0.331,0,0,"STK32A"
0,7.50276459675732,0.544,0.001,0,"PCP4L1"
0,7.49410148156554,0.914,0.014,0,"AGR2"
0,7.48863245867354,0.52,0.016,0,"BPIFA1"
0,7.47744767686648,0.712,0.002,0,"TMPRSS4"
0,7.4589539180893,0.564,0.004,0,"AQP5"
0,7.45628470935414,0.734,0.033,0,"SFTPB"
0,7.44616173460497,0.884,0.005,0,"TMC5"
0,7.44392039673805,0.918,0.461,0,"SCGB3A1"
0,7.42493640601267,0.903,0.006,0,"FXYD3"
0,7.42303100965333,0.422,0.002,0,"LCN2"
0,7.4145953308848,0.886,0.009,0,"SLC34A2"
0,7.40807683279851,0.64,0.01,0,"IGFBP5"
0,7.38839008774115,0.284,0.001,0,"CLDN1"
0,7.38344871239337,0.299,0.001,0,"KRT15"
0,7.38110786151373,0.605,0.001,0,"IRX3"
0,7.36048811952414,0.258,0.001,0,"ANOS1"
0,7.34314415245324,0.383,0.008,0,"SPINK1"
0,7.32912378984901,0.65,0.002,0,"SDR16C5"
0,7.3115750081402,0.368,0.001,0,"PURPL"
0,7.29798728095978,0.675,0.003,0,"LINC00922"
0,7.29752754535286,0.416,0.001,0,"TFAP2C"
0,7.29594435307957,0.516,0.001,0,"TOX3"
0,7.26155871627693,0.28,0.001,0,"CYP4B1"
0,7.23335928111464,0.341,0.001,0,"SCNN1B"
0,7.23104874212185,0.305,0.001,0,"RNF39"
0,7.23021768753714,0.581,0.001,0,"NKX2-1"
0,7.20992848297782,0.497,0.002,0,"DNAJC12"
0,7.20734795753136,0.779,0.007,0,"CHI3L1"
0,7.2048305278505,0.726,0.003,0,"C16orf89"
0,7.20240484276203,0.592,0.001,0,"AP1M2"
0,7.19933646769981,0.741,0.003,0,"CLDN3"
0,7.18396159465776,0.576,0.001,0,"PPP1R1B"
0,7.17557616299392,0.73,0.008,0,"C19orf33"
0,7.17189533170938,0.807,0.004,0,"TNC"
0,7.15909817821895,0.941,0.015,0,"MGST1"
0,7.1373230489401,0.875,0.017,0,"IGFBP2"
0,7.13150330588929,0.263,0,0,"KRT80"
0,7.13131426126836,0.337,0.001,0,"LAD1"
0,7.11858182114405,0.761,0.003,0,"RAB25"
0,7.11520503917078,0.607,0.002,0,"SFTA3"
0,7.11282697815352,0.789,0.003,0,"TSPAN1"
0,7.11051767113889,0.819,0.005,0,"SDC1"
0,7.10846306100888,0.372,0.001,0,"AFAP1-AS1"
0,7.10692816049855,0.941,0.01,0,"EPCAM"
0,7.09089453958181,0.437,0.001,0,"WNT7B"
0,7.08938300195901,0.504,0.001,0,"C4BPA"
0,7.08762280955321,0.968,0.018,0,"KRT8"
0,7.08399168857307,0.29,0.001,0,"PRKAA2"
0,7.08097451640885,0.262,0.001,0,"LOXL4"
0,7.074952819155,0.588,0.002,0,"PRSS8"
0,7.05831884123739,0.37,0.001,0,"VSIG2"
0,7.04524947446605,0.275,0,0,"FOXA2"
0,7.04325748363243,0.388,0.002,0,"AKR1C2"
0,7.04315227773795,0.908,0.007,0,"MAL2"
0,7.03615995302266,0.331,0.001,0,"GABRB2"
0,7.03549355359481,0.787,0.005,0,"SLPI"
0,7.01907443435637,0.731,0.003,0,"IRX2"
0,7.01848990407268,0.447,0.001,0,"SHROOM3"
0,7.00238675145879,0.609,0.003,0,"MUC5B"
0,6.98348410476381,0.381,0.001,0,"FOXA1"
0,6.968773837728,0.693,0.003,0,"SNHG18"
0,6.96094336936408,0.635,0.002,0,"NR2F1"
0,6.94560212967704,0.627,0.002,0,"CLDN10"
0,6.91507433834513,0.622,0.003,0,"VSTM2L"
0,6.91324240271053,0.378,0.001,0,"ADGRV1"
0,6.90612673128331,0.728,0.003,0,"TSPAN6"
0,6.90207343734774,0.39,0.001,0,"TMEM92"
0,6.90012802329885,0.457,0.002,0,"LRIG3"
0,6.88500982968464,0.473,0.002,0,"SOX9"
0,6.87447736723453,0.775,0.003,0,"CAPN8"
0,6.83331572784753,0.441,0.001,0,"SPDEF"
0,6.83251143396673,0.912,0.015,0,"KRT7"
0,6.81212949590594,0.749,0.01,0,"GDF15"
0,6.79893396646083,0.7,0.002,0,"CDH1"
0,6.78520645472333,0.274,0.001,0,"IRX1"
0,6.78370813386055,0.613,0.003,0,"ABCC3"
0,6.77620441288459,0.903,0.009,0,"CLDN4"
0,6.76378186707227,0.315,0.001,0,"NME5"
0,6.7593395511642,0.545,0.001,0,"RASEF"
0,6.75417797522402,0.791,0.005,0,"SFN"
0,6.74687925189758,0.29,0.001,0,"SIX1"
0,6.74051873058693,0.334,0.001,0,"CCNO"
0,6.73357314723773,0.447,0.002,0,"ARFGEF3"
0,6.7324338272086,0.365,0.002,0,"DSP"
0,6.72691002910854,0.606,0.002,0,"ANKRD65"
0,6.7263059880951,0.351,0.001,0,"STC2"
0,6.7204391820728,0.375,0.002,0,"FOXQ1"
0,6.71970890070845,0.691,0.002,0,"MALL"
0,6.70752065751381,0.445,0.002,0,"NR2F1-AS1"
0,6.69773811501928,0.588,0.002,0,"TMEM125"
0,6.69166204525424,0.897,0.009,0,"TACSTD2"
0,6.69109056691843,0.595,0.003,0,"PARM1"
0,6.67434858459363,0.269,0.001,0,"TENT5B"
0,6.67065776563664,0.269,0.001,0,"PROX1"
0,6.66350114938325,0.323,0.001,0,"PTPRU"
0,6.62535212897726,0.553,0.002,0,"CDC42EP5"
0,6.62414676154618,0.275,0.002,0,"BPIFB2"
0,6.61551913859209,0.566,0.002,0,"PLOD2"
0,6.58460988482241,0.562,0.003,0,"SMARCA1"
0,6.57507380203285,0.813,0.012,0,"RNASE1"
0,6.5729622253191,0.976,0.042,0,"KRT18"
0,6.56913764799898,0.48,0.002,0,"KCNS3"
0,6.55962670072408,0.926,0.015,0,"MUC1"
0,6.55514635853368,0.618,0.003,0,"TMEM54"
0,6.55399898942956,0.382,0.001,0,"NECTIN4"
0,6.52486627518953,0.576,0.001,0,"PROM2"
0,6.52465134284656,0.68,0.003,0,"SCNN1A"
0,6.52231413414363,0.379,0.002,0,"TFCP2L1"
0,6.52196115829885,0.318,0.001,0,"DSG2"
0,6.51948453274806,0.629,0.004,0,"TSPAN8"
0,6.5063525149417,0.263,0.001,0,"GRHL2"
0,6.5037483995627,0.397,0.001,0,"PRR15L"
0,6.50332235708747,0.576,0.004,0,"WFDC3"
0,6.49162094642442,0.549,0.002,0,"SPRY4"
0,6.48270091547973,0.347,0.001,0,"RAP1GAP"
0,6.48013817344521,0.416,0.003,0,"SCG5"
0,6.4661991614369,0.306,0.001,0,"CAPN13"
0,6.45877608959659,0.437,0.001,0,"SFTA1P"
0,6.44253829527561,0.301,0.001,0,"CREB3L1"
0,6.44103914942987,0.762,0.007,0,"GPRC5A"
0,6.43746010278504,0.498,0.002,0,"MET"
0,6.42796511613697,0.712,0.006,0,"MAP1B"
0,6.42550746607767,0.34,0.001,0,"CADPS2"
0,6.41825254210249,0.378,0.001,0,"RAB17"
0,6.39024128051784,0.904,0.011,0,"ELF3"
0,6.38604762553155,0.367,0.002,0,"KCNQ3"
0,6.37283788676364,0.954,0.028,0,"KRT19"
0,6.34098494980218,0.885,0.017,0,"TCIM"
0,6.33057663223547,0.864,0.009,0,"CLDN7"
0,6.30635408050017,0.652,0.004,0,"SGMS2"
0,6.29286322995818,0.85,0.024,0,"HMGB3"
0,6.2878988121379,0.384,0.001,0,"MB"
0,6.282141209945,0.641,0.004,0,"C2"
0,6.27425041085954,0.75,0.004,0,"VWA1"
0,6.26947321701664,0.321,0.001,0,"LIPH"
0,6.26854546510212,0.27,0.001,0,"LYPD1"
0,6.25535241323573,0.459,0.003,0,"NOVA1"
0,6.2370858724866,0.619,0.003,0,"LIMCH1"
0,6.22458162021761,0.289,0.002,0,"ATOH8"
0,6.21689165759821,0.613,0.011,0,"ANGPTL4"
0,6.21232929651061,0.607,0.004,0,"CMBL"
0,6.19769551812312,0.488,0.002,0,"MACROD2"
0,6.19218303040674,0.908,0.032,0,"SERPINA1"
0,6.17716032278022,0.292,0.001,0,"SYT12"
0,6.14545686049301,0.378,0.002,0,"DDAH1"
0,6.14533911160251,0.666,0.006,0,"S100A16"
0,6.1442335579843,0.712,0.004,0,"GABRE"
0,6.14068761453622,0.425,0.002,0,"EGFR"
0,6.12964046844148,0.343,0.001,0,"SLC22A31"
0,6.11913609741913,0.541,0.005,0,"F3"
0,6.11161290294989,0.337,0.002,0,"NHS"
0,6.10036970765059,0.862,0.012,0,"CRABP2"
0,6.0988959250914,0.367,0.001,0,"DNALI1"
0,6.09398133554416,0.257,0.001,0,"ABO"
0,6.09167887507031,0.289,0.001,0,"SYT8"
0,6.08941013036608,0.3,0.001,0,"ATP2C2"
0,6.08439051323444,0.573,0.004,0,"GGT5"
0,6.08229856826449,0.409,0.002,0,"EVA1A"
0,6.07550669125512,0.472,0.002,0,"SELENBP1"
0,6.06265967116077,0.732,0.009,0,"LAMB3"
0,6.05304825911955,0.449,0.003,0,"GPX8"
0,6.04438861599638,0.852,0.01,0,"PLS3"
0,6.02785777660656,0.432,0.002,0,"TACC2"
0,6.00730075325163,0.557,0.003,0,"MAOA"
0,6.00379027031836,0.372,0.002,0,"AR"
0,5.99432698402452,0.356,0.004,0,"CST6"
0,5.98759631953776,0.774,0.015,0,"NNMT"
0,5.9844209944454,0.518,0.004,0,"TRIM2"
0,5.98361048731237,0.405,0.002,0,"MYH14"
0,5.96899343635483,0.433,0.002,0,"ASS1"
0,5.96272694771452,0.431,0.002,0,"PCDH1"
0,5.95238921914023,0.458,0.003,0,"WWC1"
0,5.9458089610663,0.351,0.002,0,"EPHA2"
0,5.93974173393422,0.29,0.001,0,"NDNF"
0,5.91980550819291,0.373,0.008,0,"CXCL1"
0,5.9184999100697,0.455,0.003,0,"ANXA3"
0,5.90498869436347,0.307,0.002,0,"RTL8B"
0,5.89972351435638,0.475,0.003,0,"AC008771.1"
0,5.89869316523632,0.535,0.005,0,"SERINC2"
0,5.88166781061531,0.433,0.002,0,"PRSS22"
0,5.88110531957709,0.551,0.003,0,"KITLG"
0,5.88103139223401,0.682,0.004,0,"BCAM"
0,5.86952984214783,0.712,0.006,0,"GPRC5C"
0,5.8651518726626,0.334,0.002,0,"AMOTL2"
0,5.8621415388734,0.29,0.002,0,"SMPDL3B"
0,5.8458746409866,0.604,0.004,0,"TMC4"
0,5.84319684574494,0.312,0.002,0,"KCNE4"
0,5.84226802757314,0.62,0.004,0,"KCNK1"
0,5.83601553515887,0.848,0.013,0,"ZDHHC9"
0,5.83479210525193,0.322,0.002,0,"SLC22A18AS"
0,5.80548677336982,0.315,0.002,0,"MECOM"
0,5.80235443602204,0.901,0.016,0,"TM4SF1"
0,5.79789980949112,0.283,0.001,0,"ALPL"
0,5.79011740588384,0.506,0.003,0,"CDC42EP1"
0,5.78872184721435,0.539,0.004,0,"TMEM98"
0,5.76082305418358,0.276,0.001,0,"ADGRF1"
0,5.75016058702364,0.654,0.006,0,"CXADR"
0,5.73453745732976,0.743,0.021,0,"CXCL2"
0,5.73217807661594,0.564,0.003,0,"RAI14"
0,5.72328170625065,0.428,0.003,0,"KIAA1217"
0,5.71028454010744,0.783,0.008,0,"CTTN"
0,5.68984216516631,0.329,0.002,0,"PLIN5"
0,5.68779092371024,0.404,0.003,0,"SH2D4A"
0,5.68497097410402,0.351,0.003,0,"SYBU"
0,5.67693183944598,0.655,0.005,0,"PTPRF"
0,5.67518050700756,0.589,0.003,0,"SLC44A4"
0,5.67488154165192,0.594,0.005,0,"OSMR"
0,5.66537434365742,0.331,0.003,0,"SH3BP4"
0,5.63912157270021,0.475,0.005,0,"PTGR1"
0,5.63615146602909,0.893,0.02,0,"TCEAL9"
0,5.60095578229974,0.377,0.002,0,"PKP3"
0,5.57866894695571,0.35,0.002,0,"OVOL1"
0,5.5712080082684,0.515,0.003,0,"STEAP4"
0,5.5687392229083,0.394,0.003,0,"C19orf81"
0,5.56296729208303,0.302,0.002,0,"P2RY6"
0,5.54683837220913,0.361,0.002,0,"IRX5"
0,5.54501180386661,0.323,0.002,0,"CDH11"
0,5.54389141881532,0.265,0.001,0,"TFPI2"
0,5.54132220355137,0.559,0.003,0,"EFNA5"
0,5.52415702507058,0.875,0.011,0,"SELENOP"
0,5.5225182189258,0.587,0.006,0,"CLIC2"
0,5.51697786278354,0.284,0.002,0,"CFB"
0,5.50314538409261,0.486,0.004,0,"CTDSPL"
0,5.49477889009216,0.304,0.002,0,"PPP1R9A"
0,5.49380930697364,0.428,0.003,0,"TEAD1"
0,5.48627125587012,0.465,0.004,0,"SDC2"
0,5.48354891047834,0.296,0.002,0,"SERTAD4-AS1"
0,5.46814834041588,0.545,0.004,0,"YAP1"
0,5.4680313039667,0.601,0.003,0,"ADGRF5"
0,5.46707700816295,0.355,0.003,0,"CFI"
0,5.42432764417092,0.588,0.005,0,"PPIC"
0,5.42028702037466,0.803,0.009,0,"EMP2"
0,5.41432184495606,0.255,0.002,0,"BMP2"
0,5.40839386632383,0.441,0.004,0,"TNFRSF21"
0,5.40451972233997,0.77,0.012,0,"EMP1"
0,5.39069423352107,0.517,0.005,0,"NTN4"
0,5.3898771519642,0.389,0.003,0,"CX3CL1"
0,5.38707213489682,0.611,0.006,0,"EFNA1"
0,5.37098903892994,0.452,0.004,0,"GUCY1A1"
0,5.36605048257017,0.321,0.002,0,"GLB1L3"
0,5.35767645225555,0.65,0.007,0,"RBPMS"
0,5.3564850387113,0.389,0.003,0,"ITGB4"
0,5.35308443321463,0.289,0.003,0,"GULP1"
0,5.34981019025347,0.444,0.003,0,"RHOV"
0,5.33926562840689,0.256,0.003,0,"SYT17"
0,5.32339872493112,0.401,0.003,0,"GNA11"
0,5.31076045087959,0.314,0.003,0,"PCGF2"
0,5.3089467557108,0.276,0.002,0,"CGN"
0,5.306835183825,0.342,0.004,0,"TMEM150C"
0,5.29160810841575,0.333,0.003,0,"PKIB"
0,5.28902042663531,0.923,0.029,0,"S100A13"
0,5.28802273156366,0.669,0.009,0,"CRB3"
0,5.27622660641864,0.529,0.006,0,"MYO10"
0,5.25979041199629,0.835,0.014,0,"IL13RA1"
0,5.25810769349604,0.508,0.007,0,"MYOF"
0,5.25626197452078,0.34,0.002,0,"PARD3"
0,5.25323684970618,0.252,0.002,0,"MARVELD3"
0,5.24798499266492,0.857,0.027,0,"ALCAM"
0,5.24612422372337,0.322,0.004,0,"TMEM47"
0,5.24164905826645,0.727,0.01,0,"FARP1"
0,5.24162921783613,0.35,0.003,0,"GLIS3"
0,5.23434059108182,0.447,0.005,0,"FHL2"
0,5.2298719924556,0.317,0.003,0,"CUEDC1"
0,5.22898080235232,0.352,0.003,0,"PSD3"
0,5.22638305652966,0.776,0.013,0,"CYR61"
0,5.22460840864563,0.391,0.004,0,"MESP1"
0,5.2139288551494,0.4,0.004,0,"CHMP4C"
0,5.21390437467315,0.41,0.005,0,"CDS1"
0,5.21277118158623,0.359,0.003,0,"SHC2"
0,5.20754963653342,0.335,0.004,0,"AKR1C1"
0,5.20084803460225,0.335,0.003,0,"PHYHD1"
0,5.1911216452633,0.635,0.009,0,"EPHX1"
0,5.18442845960677,0.709,0.008,0,"CPE"
0,5.172865940692,0.504,0.006,0,"TBC1D8B"
0,5.17252780892889,0.322,0.003,0,"OBSL1"
0,5.16884760930456,0.251,0.002,0,"CNKSR3"
0,5.15728364043866,0.296,0.005,0,"S100A2"
0,5.1550518021146,0.433,0.005,0,"CDCP1"
0,5.15414206043283,0.317,0.003,0,"PDGFC"
0,5.15044309428867,0.586,0.009,0,"TFPI"
0,5.14357858625856,0.288,0.003,0,"BMP4"
0,5.14174017107061,0.622,0.006,0,"ID4"
0,5.13768367026164,0.29,0.002,0,"PARVA"
0,5.12608496369658,0.251,0.001,0,"PON3"
0,5.11728930214974,0.736,0.013,0,"MGLL"
0,5.116494490302,0.357,0.003,0,"BAIAP2L1"
0,5.11247999704519,0.66,0.009,0,"NECTIN2"
0,5.10373560992102,0.511,0.005,0,"TMEM30B"
0,5.10001185286859,0.25,0.003,0,"LURAP1L"
0,5.06788249159315,0.425,0.003,0,"BICDL2"
0,5.06147474265259,0.514,0.005,0,"RND3"
0,5.04542959188657,0.393,0.003,0,"CCNJL"
0,5.04344712217749,0.556,0.006,0,"TJP1"
0,5.04089599869097,0.594,0.008,0,"HNMT"
0,5.03944929835642,0.313,0.003,0,"EHD2"
0,5.03275732513842,0.264,0.003,0,"KCTD3"
0,5.02056140117486,0.527,0.007,0,"FNBP1L"
0,5.01863080079814,0.539,0.009,0,"EGLN3"
0,5.0171508201213,0.303,0.002,0,"SCN9A"
0,5.01382485257854,0.28,0.004,0,"ITGB8"
0,5.01194866448241,0.305,0.002,0,"SULF1"
0,5.00098666682332,0.51,0.006,0,"DDR1"
0,4.99181196181148,0.304,0.003,0,"ARHGAP32"
0,4.98893958468525,0.71,0.026,0,"MT1E"
0,4.98223580578583,0.404,0.004,0,"DPYSL3"
0,4.96307362759471,0.552,0.006,0,"ENAH"
0,4.96185793207209,0.572,0.012,0,"PCSK1N"
0,4.96066172273143,0.277,0.003,0,"SH3RF1"
0,4.96002536642927,0.587,0.008,0,"ETV1"
0,4.9595044852988,0.287,0.003,0,"TOM1L1"
0,4.95919705730733,0.415,0.006,0,"PAPSS2"
0,4.95647227839915,0.543,0.008,0,"MBOAT2"
0,4.95533849586008,0.381,0.004,0,"ITGB5"
0,4.95448927907345,0.691,0.012,0,"WWTR1"
0,4.95366338240013,0.561,0.008,0,"PDLIM4"
0,4.93535367989258,0.598,0.008,0,"NFIX"
0,4.9302137960598,0.538,0.008,0,"ST14"
0,4.91690995241672,0.558,0.007,0,"NEDD4L"
0,4.90853190230304,0.278,0.003,0,"LINC00511"
0,4.90821789015596,0.291,0.004,0,"ST6GALNAC1"
0,4.90522897196564,0.378,0.004,0,"C6orf132"
0,4.90445134767986,0.636,0.006,0,"PRRG4"
0,4.89602839448357,0.742,0.01,0,"NUPR1"
0,4.89498503185593,0.341,0.003,0,"STEAP1"
0,4.88672225018712,0.285,0.003,0,"ARPIN"
0,4.88564889501241,0.265,0.002,0,"SYNE4"
0,4.87707177864163,0.287,0.003,0,"EDN1"
0,4.86524738801966,0.267,0.002,0,"HSPB8"
0,4.86450962167081,0.418,0.005,0,"GNG12"
0,4.86102486434102,0.912,0.037,0,"BEX3"
0,4.85586826765898,0.277,0.006,0,"RHOD"
0,4.85402262362396,0.667,0.012,0,"KLF5"
0,4.8503320437088,0.452,0.004,0,"EFEMP1"
0,4.8256778968843,0.422,0.006,0,"LRP5"
0,4.81538834239657,0.259,0.003,0,"B9D1"
0,4.80832340841769,0.534,0.015,0,"IFI27"
0,4.80649117544367,0.545,0.008,0,"RAPH1"
0,4.7993893312064,0.887,0.036,0,"ERRFI1"
0,4.79222785029519,0.277,0.004,0,"FSIP2"
0,4.79110503377955,0.522,0.004,0,"LRG1"
0,4.78703398226074,0.488,0.009,0,"TGFA"
0,4.78620464473518,0.275,0.004,0,"ANKRD50"
0,4.78559946643096,0.475,0.008,0,"MACC1"
0,4.77915330733871,0.304,0.005,0,"CXCL3"
0,4.77105360561436,0.836,0.027,0,"SPINT1"
0,4.7328565671868,0.3,0.004,0,"GSTA4"
0,4.72735279627889,0.823,0.031,0,"LMO7"
0,4.72436947338392,0.399,0.005,0,"RGMB"
0,4.72365796456785,0.648,0.011,0,"MTUS1"
0,4.71333529855319,0.319,0.004,0,"FAM198B"
0,4.69806951965993,0.259,0.003,0,"ARHGAP42"
0,4.69777375020741,0.809,0.021,0,"CRNDE"
0,4.69425323004365,0.555,0.024,0,"CD24"
0,4.68825472685171,0.66,0.015,0,"PLXNB2"
0,4.68006530330126,0.713,0.015,0,"SPINT1-AS1"
0,4.6520786918357,0.628,0.021,0,"C15orf48"
0,4.64550299842751,0.669,0.011,0,"RBM47"
0,4.63891676014311,0.473,0.009,0,"LGALSL"
0,4.63865174053172,0.479,0.008,0,"DCBLD2"
0,4.60236224870216,0.436,0.005,0,"EXPH5"
0,4.59601077892825,0.535,0.01,0,"JUP"
0,4.58869661482445,0.415,0.006,0,"RBFOX2"
0,4.56849494702916,0.291,0.004,0,"RIN2"
0,4.56477562747854,0.603,0.012,0,"DHCR24"
0,4.56145875128716,0.256,0.003,0,"KDELR3"
0,4.56103987238591,0.408,0.013,0,"MDK"
0,4.56099149181594,0.411,0.005,0,"MYO5C"
0,4.54047580947152,0.735,0.039,0,"MGP"
0,4.53697613651901,0.382,0.006,0,"IRS1"
0,4.53500740672311,0.488,0.008,0,"FAM114A1"
0,4.51319551453114,0.902,0.041,0,"PLPP2"
0,4.50944846850422,0.689,0.016,0,"DST"
0,4.50716028834426,0.858,0.031,0,"SDC4"
0,4.50532927985215,0.847,0.033,0,"ASPH"
0,4.50474413225257,0.263,0.004,0,"SNX7"
0,4.50381926599926,0.28,0.004,0,"C2CD4B"
0,4.50323860900638,0.281,0.003,0,"HID1"
0,4.49997341676342,0.305,0.003,0,"ST5"
0,4.48569738296877,0.762,0.015,0,"TSPAN13"
0,4.46681824069071,0.647,0.02,0,"CCND1"
0,4.45480104669799,0.436,0.006,0,"GPX3"
0,4.43153891095619,0.315,0.005,0,"CDC42BPA"
0,4.42937856437557,0.512,0.009,0,"NOL3"
0,4.42507987635603,0.468,0.009,0,"DPCD"
0,4.411738177006,0.251,0.003,0,"MFSD4A"
0,4.40559429875199,0.655,0.021,0,"H1F0"
0,4.40535406837149,0.425,0.012,0,"NXPH4"
0,4.37082548538562,0.704,0.021,0,"SLC9A3R2"
0,4.3654720742308,0.466,0.007,0,"P4HA2"
0,4.35351346703353,0.491,0.008,0,"KIAA1522"
0,4.35327711792117,0.282,0.003,0,"DOK5"
0,4.32628474265616,0.457,0.009,0,"MYO1B"
0,4.32184799871302,0.29,0.008,0,"EREG"
0,4.3181802706033,0.471,0.006,0,"CAV2"
0,4.31778997637186,0.265,0.005,0,"STAP2"
0,4.29395452806029,0.274,0.004,0,"SHB"
0,4.29178212443037,0.301,0.005,0,"PLEKHH3"
0,4.28330996908684,0.315,0.004,0,"LAMB2"
0,4.27403472023386,0.432,0.011,0,"FOXJ1"
0,4.27293761139277,0.553,0.011,0,"NET1"
0,4.26985453758222,0.257,0.004,0,"SLC22A23"
0,4.2674231538229,0.435,0.005,0,"NEBL"
0,4.26683943316431,0.394,0.006,0,"AGRN"
0,4.26264249674747,0.363,0.005,0,"SIAE"
0,4.24459625042634,0.391,0.007,0,"TSPAN15"
0,4.24186500874654,0.32,0.004,0,"WLS"
0,4.23593196259448,0.776,0.03,0,"PON2"
0,4.23529386802836,0.26,0.004,0,"FAT1"
0,4.22447756863171,0.274,0.004,0,"F12"
0,4.21990122085313,0.336,0.006,0,"NT5E"
0,4.2125922128182,0.676,0.024,0,"NQO1"
0,4.20201467760869,0.281,0.003,0,"PTPRG"
0,4.2014958799572,0.408,0.008,0,"FMO5"
0,4.19750310022927,0.281,0.006,0,"AHNAK2"
0,4.19208944698398,0.28,0.008,0,"PLAU"
0,4.18762606073279,0.343,0.006,0,"MIR210HG"
0,4.18472035516273,0.252,0.004,0,"FAM83H"
0,4.18000736471328,0.573,0.014,0,"PTK2"
0,4.17698997744145,0.926,0.078,0,"PHLDA2"
0,4.17643281882974,0.46,0.008,0,"SGPP2"
0,4.16696603771807,0.29,0.005,0,"ALDH7A1"
0,4.15767037206345,0.575,0.013,0,"CTNND1"
0,4.15479954323123,0.94,0.13,0,"ATP1B1"
0,4.150204263946,0.607,0.007,0,"C3"
0,4.14843043205009,0.352,0.006,0,"BSPRY"
0,4.14830901857066,0.788,0.027,0,"CRIP2"
0,4.14192227807544,0.479,0.015,0,"IMPA2"
0,4.13674941844432,0.324,0.005,0,"NDN"
0,4.11927773009617,0.483,0.01,0,"SPRED1"
0,4.10899059672809,0.799,0.041,0,"VEGFA"
0,4.09496258939484,0.25,0.004,0,"SMAD1"
0,4.09429507023394,0.557,0.013,0,"ERBB3"
0,4.08864374894498,0.373,0.008,0,"NAV2"
0,4.08841607174247,0.441,0.01,0,"TNKS1BP1"
0,4.08073187862482,0.589,0.016,0,"HS3ST1"
0,4.07661823787131,0.385,0.007,0,"AK4"
0,4.07105059508754,0.263,0.006,0,"TCN2"
0,4.06974977010477,0.283,0.004,0,"SLC1A7"
0,4.05997640416565,0.473,0.01,0,"KRTCAP3"
0,4.04639037974141,0.419,0.007,0,"PPL"
0,4.04560716189473,0.725,0.023,0,"FAM129B"
0,4.02880336962324,0.46,0.009,0,"NRP1"
0,4.02086258455029,0.504,0.019,0,"IGFBP3"
0,4.00982424819325,0.257,0.005,0,"RASAL2"
0,4.00917792026052,0.829,0.035,0,"PDLIM1"
0,4.00646461908281,0.336,0.006,0,"CSRP2"
0,4.00641463077892,0.279,0.006,0,"CMTM4"
0,4.00470369344463,0.273,0.005,0,"WDFY3"
0,4.00207170617574,0.461,0.01,0,"OCLN"
0,3.99649957496296,0.59,0.015,0,"SESTD1"
0,3.99489041701273,0.346,0.005,0,"BOK"
0,3.99370045012557,0.363,0.005,0,"PLPP3"
0,3.97036079150252,0.474,0.01,0,"TPBG"
0,3.96934772595915,0.614,0.019,0,"DMKN"
0,3.96567974340561,0.755,0.026,0,"MPZL2"
0,3.95895748312279,0.831,0.04,0,"KLF4"
0,3.95354197500122,0.39,0.009,0,"TCEA3"
0,3.93797916451084,0.451,0.003,0,"LIFR"
0,3.93772948756849,0.423,0.01,0,"LTBR"
0,3.9374771745143,0.4,0.005,0,"ARHGAP29"
0,3.9262514119736,0.432,0.009,0,"CHST15"
0,3.92301612536129,0.317,0.006,0,"MARVELD2"
0,3.92175029287931,0.484,0.007,0,"NFIB"
0,3.90141657900362,0.848,0.064,0,"SOX4"
0,3.90027479489849,0.475,0.012,0,"FGGY"
0,3.8984307462887,0.704,0.028,0,"DRAM1"
0,3.86457865619745,0.429,0.009,0,"ERBB2"
0,3.85187034385565,0.392,0.006,0,"DEPP1"
0,3.8513942502132,0.713,0.026,0,"ALDH2"
0,3.84684424964674,0.676,0.028,0,"FAM13A"
0,3.84150711107953,0.271,0.006,0,"CLDN12"
0,3.83159576676417,0.561,0.012,0,"CNN3"
0,3.83043011075875,0.319,0.006,0,"PFN2"
0,3.82925296145029,0.315,0.007,0,"AC068888.1"
0,3.81878737954531,0.699,0.029,0,"NR2F6"
0,3.81273355482313,0.331,0.008,0,"SORT1"
0,3.80935359433342,0.895,0.071,0,"LGALS3BP"
0,3.8056505333703,0.503,0.015,0,"TEX9"
0,3.80552082522552,0.542,0.021,0,"TGFBI"
0,3.80501374661448,0.388,0.008,0,"ZNF503"
0,3.7967412247744,0.739,0.025,0,"RAB13"
0,3.79572513009775,0.251,0.005,0,"RGL1"
0,3.78892386852977,0.717,0.023,0,"GOLM1"
0,3.7828475477996,0.53,0.015,0,"KCTD12"
0,3.78008283467208,0.354,0.006,0,"RAB38"
0,3.77931481385647,0.265,0.005,0,"FZD6"
0,3.77811222129083,0.96,0.131,0,"SPINT2"
0,3.76762507926468,0.486,0.011,0,"RAMP1"
0,3.75037979615335,0.93,0.101,0,"TSC22D1"
0,3.73948905979405,0.535,0.016,0,"SEMA4B"
0,3.73556750162997,0.917,0.136,0,"RHOB"
0,3.73433721085253,0.259,0.006,0,"KANK2"
0,3.73395755668298,0.637,0.025,0,"C11orf96"
0,3.72878135801382,0.781,0.027,0,"MLPH"
0,3.72023543758199,0.279,0.005,0,"RBMS3"
0,3.70967586347747,0.634,0.028,0,"LINC00342"
0,3.7085671216231,0.413,0.01,0,"ARMCX2"
0,3.70781200922707,0.69,0.02,0,"MAFB"
0,3.70634363829117,0.369,0.011,0,"HLA-DOA"
0,3.70453914360772,0.462,0.019,0,"IGFBP6"
0,3.68415169312356,0.727,0.036,0,"THBS1"
0,3.68264173865315,0.37,0.009,0,"HIST1H2AE"
0,3.68107551290364,0.745,0.024,0,"CFH"
0,3.67629832276478,0.311,0.005,0,"TREM1"
0,3.66825639517467,0.336,0.008,0,"SPAG4"
0,3.66362723460323,0.378,0.011,0,"TNS1"
0,3.65732360640272,0.36,0.007,0,"TLR2"
0,3.65482281510564,0.486,0.007,0,"NR2F2"
0,3.65412850769422,0.468,0.015,0,"ADAM9"
0,3.65133348161856,0.348,0.007,0,"CTGF"
0,3.64688343658553,0.278,0.006,0,"ETV5"
0,3.63984042858527,0.66,0.028,0,"ITGA3"
0,3.63639419796898,0.265,0.004,0,"NUAK1"
0,3.629671953653,0.801,0.071,0,"HPGD"
0,3.62890859073769,0.297,0.007,0,"PDK4"
0,3.61623089327302,0.366,0.006,0,"COL1A1"
0,3.61500514781497,0.637,0.011,0,"TGM2"
0,3.60472473431909,0.257,0.006,0,"SEPT10"
0,3.60027027975194,0.257,0.006,0,"PTPRK"
0,3.58876320654186,0.319,0.007,0,"CAVIN3"
0,3.58277068262704,0.487,0.014,0,"C9orf3"
0,3.57447377265746,0.264,0.007,0,"FAM20C"
0,3.56999429344481,0.56,0.022,0,"TST"
0,3.56593484374411,0.811,0.055,0,"CETN2"
0,3.56542145271127,0.252,0.006,0,"ADSSL1"
0,3.55597483855927,0.257,0.007,0,"CD276"
0,3.55085262686849,0.432,0.013,0,"SPIRE1"
0,3.54533943823297,0.695,0.028,0,"EFNB2"
0,3.54419168124554,0.525,0.019,0,"PAWR"
0,3.54053392823604,0.644,0.032,0,"HBEGF"
0,3.53607755827569,0.313,0.008,0,"CNFN"
0,3.51486115453434,0.345,0.007,0,"GSTO2"
0,3.5087224305762,0.473,0.011,0,"VASN"
0,3.50120227768079,0.309,0.009,0,"LRMDA"
0,3.49835641333739,0.86,0.204,0,"MT2A"
0,3.48946170581276,0.988,0.079,0,"CST3"
0,3.48043323929986,0.307,0.008,0,"RBMS2"
0,3.46710567521098,0.477,0.016,0,"TRIO"
0,3.45300628118109,0.835,0.124,0,"ANKRD36C"
0,3.44603970534011,0.671,0.024,0,"NPDC1"
0,3.439176326808,0.555,0.02,0,"CD99L2"
0,3.41893685170208,0.334,0.01,0,"CDC42BPB"
0,3.41804115747272,0.292,0.008,0,"TANC1"
0,3.41608127019772,0.342,0.011,0,"SHTN1"
0,3.41533724810929,0.255,0.006,0,"PYGL"
0,3.39782347951945,0.31,0.01,0,"KHDRBS3"
0,3.35144936787223,0.322,0.011,0,"TP53I3"
0,3.3389007759585,0.283,0.011,0,"ABHD17C"
0,3.33846855855551,0.358,0.013,0,"SMARCD3"
0,3.33103336814714,0.914,0.125,0,"PGRMC1"
0,3.32546066786967,0.274,0.008,0,"FGD6"
0,3.31845348013139,0.66,0.028,0,"FBP1"
0,3.31809633037738,0.432,0.015,0,"SLC6A8"
0,3.30608000640595,0.4,0.006,0,"C1S"
0,3.30073158359939,0.887,0.141,0,"CTSH"
0,3.2952093202014,0.49,0.017,0,"TNFAIP2"
0,3.29099995987984,0.267,0.008,0,"KIF13A"
0,3.29014130066944,0.576,0.025,0,"RCN1"
0,3.2634188662238,0.537,0.019,0,"CXCL8"
0,3.25193003502558,0.35,0.012,0,"NCEH1"
0,3.25149309986087,0.41,0.022,0,"RRAD"
0,3.24779940566663,0.937,0.09,0,"IFITM3"
0,3.23952642326438,0.889,0.067,0,"YBX3"
0,3.22763351252681,0.897,0.137,0,"CYB5A"
0,3.22103088524753,0.699,0.034,0,"RHOBTB3"
0,3.20836879527247,0.355,0.011,0,"CLEC11A"
0,3.20738642403078,0.323,0.008,0,"KCNK5"
0,3.20129211490693,0.903,0.117,0,"HLA-DRB5"
0,3.19788362970294,0.489,0.017,0,"ZNF117"
0,3.19695602549557,0.493,0.021,0,"TMEM176A"
0,3.19358745240861,0.317,0.009,0,"MICALL2"
0,3.18324014844377,0.656,0.028,0,"NFIA"
0,3.17663318578009,0.25,0.008,0,"STXBP1"
0,3.1726160728605,0.259,0.007,0,"GNAI1"
0,3.17243230709765,0.373,0.017,0,"MORN2"
0,3.17016074678618,0.543,0.025,0,"LDOC1"
0,3.15647941010132,0.891,0.104,0,"SPTSSA"
0,3.15225384516624,0.284,0.01,0,"GCNT2"
0,3.15175398142659,0.611,0.029,0,"FLNB"
0,3.14866555141054,0.282,0.01,0,"EPB41L1"
0,3.1449742429712,0.365,0.014,0,"SLC40A1"
0,3.13554198743142,0.788,0.055,0,"SIL1"
0,3.13542556381379,0.492,0.023,0,"CKAP4"
0,3.1329649764682,0.891,0.134,0,"ATF3"
0,3.13244607590781,0.847,0.105,0,"BEX2"
0,3.13079347611583,0.872,0.166,0,"EGR1"
0,3.12922454506142,0.904,0.129,0,"TCEAL4"
0,3.12621568968692,0.32,0.011,0,"REEP6"
0,3.12578150836705,0.298,0.011,0,"KIAA1211L"
0,3.12426903173153,0.361,0.011,0,"ERP27"
0,3.12279514462109,0.257,0.017,0,"PXDC1"
0,3.11523214823043,0.395,0.017,0,"TRIQK"
0,3.11111638047207,0.59,0.026,0,"NCKAP1"
0,3.10219499839153,0.341,0.013,0,"ANG"
0,3.09528828706439,0.405,0.014,0,"GPD2"
0,3.07449200038821,0.541,0.033,0,"SRD5A3"
0,3.07118908259385,0.291,0.009,0,"SPRED2"
0,3.06833255516723,0.633,0.035,0,"TANC2"
0,3.06687154809962,0.84,0.083,0,"SLC25A37"
0,3.06134108835062,0.745,0.053,0,"PLK2"
0,3.05857222252775,0.611,0.026,0,"MYO6"
0,3.05233630001334,0.798,0.074,0,"CPD"
0,3.04092915234197,0.281,0.01,0,"ADAMTS1"
0,3.04029402624339,0.307,0.011,0,"CAMSAP2"
0,3.03493499538037,0.306,0.012,0,"SAMD4A"
0,3.03404736516981,0.886,0.113,0,"CTNNA1"
0,3.03329662764541,0.305,0.01,0,"FILIP1L"
0,3.02595386781781,0.327,0.015,0,"TJP3"
0,3.01874195866932,0.469,0.026,0,"GEM"
0,3.01439962998202,0.265,0.01,0,"TBC1D9"
0,3.00389785817447,0.802,0.055,0,"APP"
0,2.97101279273512,0.379,0.012,0,"CES1"
0,2.96906819631859,0.297,0.012,0,"RTN2"
0,2.96608575034009,0.58,0.032,0,"TRIP6"
0,2.96537686138557,0.341,0.014,0,"INSR"
0,2.96367661388264,0.29,0.01,0,"UBXN10-AS1"
0,2.95948212789268,0.862,0.115,0,"BEX4"
0,2.94092076042806,0.312,0.004,0,"APOD"
0,2.93826440357054,0.471,0.023,0,"MIR4458HG"
0,2.92864377223393,0.559,0.018,0,"LGMN"
0,2.92490563281528,0.327,0.011,0,"RAPGEF5"
0,2.9203366510563,0.413,0.02,0,"RAB31"
0,2.91964966582009,0.404,0.024,0,"PTGS2"
0,2.91882543930865,0.573,0.041,0,"RDH10"
0,2.9134268590037,0.381,0.014,0,"CDC42EP4"
0,2.90931574359527,0.323,0.014,0,"FMNL2"
0,2.90419579876286,0.26,0.009,0,"RNF43"
0,2.90396318602889,0.287,0.01,0,"SIPA1L2"
0,2.89716705660011,0.311,0.016,0,"SORD"
0,2.88663789297652,0.691,0.044,0,"IL1R1"
0,2.87771680359827,0.54,0.025,0,"BAIAP2"
0,2.86603927483807,0.282,0.01,0,"TCTN1"
0,2.8611569239487,0.832,0.117,0,"TNFRSF12A"
0,2.85182651461825,0.712,0.048,0,"EPS8"
0,2.84733033127879,0.278,0.011,0,"ACSS2"
0,2.84688290367638,0.306,0.013,0,"CDKN2B"
0,2.83991763500415,0.27,0.011,0,"FMN1"
0,2.83000128205225,0.79,0.087,0,"TCEAL3"
0,2.8288043542576,0.547,0.031,0,"AC244090.1"
0,2.82698874991767,0.342,0.014,0,"EPB41L5"
0,2.82452446524858,0.384,0.02,0,"ITPKC"
0,2.81345236219034,0.713,0.067,0,"WEE1"
0,2.80757445865843,0.262,0.018,0,"EEF1A2"
0,2.78405269687876,0.257,0.01,0,"SPATA6"
0,2.77786132384978,0.325,0.02,0,"ITGA2"
0,2.76395038215618,0.556,0.041,0,"BEX5"
0,2.75311764255123,0.316,0.012,0,"RAB3D"
0,2.74305420775841,0.262,0.011,0,"MAGI2"
0,2.74175145512327,0.407,0.016,0,"ACTN1"
0,2.7375051139371,0.372,0.016,0,"CD302"
0,2.73593441292976,0.63,0.037,0,"PAM"
0,2.73330319567019,0.502,0.035,0,"ADM"
0,2.73307967425638,0.968,0.421,0,"NPC2"
0,2.72717747670833,0.859,0.127,0,"CAMK2N1"
0,2.72463482699029,0.54,0.01,0,"ADIRF"
0,2.71717966591634,0.448,0.023,0,"BACE2"
0,2.71348588312505,0.574,0.03,0,"TRIB1"
0,2.70946859621607,0.631,0.035,0,"FNDC3B"
0,2.70341350977792,0.389,0.02,0,"SNX30"
0,2.70171346730306,0.798,0.052,0,"GSN"
0,2.69792695896101,0.581,0.038,0,"PLXND1"
0,2.69485005444236,0.312,0.016,0,"EVI5"
0,2.68907673250717,0.601,0.04,0,"SERPINH1"
0,2.68447143332027,0.403,0.026,0,"CRYBG3"
0,2.68053080288711,0.518,0.028,0,"ATP11A"
0,2.68018944390456,0.363,0.016,0,"TPCN1"
0,2.67766348700987,0.793,0.083,0,"RTL8A"
0,2.670755168332,0.422,0.022,0,"PKP4"
0,2.66952096843967,0.269,0.012,0,"ZNF462"
0,2.66687181917961,0.614,0.055,0,"ICAM1"
0,2.66671377331743,0.41,0.022,0,"ARSD"
0,2.66355104603815,0.254,0.01,0,"CTTNBP2"
0,2.66268975498705,0.885,0.151,0,"BLVRB"
0,2.66219190775045,0.892,0.133,0,"TSPAN3"
0,2.66191109609427,0.934,0.451,0,"CD74"
0,2.66011285790604,0.867,0.139,0,"TCEAL8"
0,2.65961547737142,0.518,0.032,0,"F11R"
0,2.64788521920691,0.793,0.231,0,"MT1X"
0,2.63404199701022,0.531,0.033,0,"FNIP2"
0,2.62053389734597,0.31,0.011,0,"IL1RAP"
0,2.61456745047261,0.372,0.016,0,"FRY"
0,2.61170500908265,0.917,0.178,0,"APLP2"
0,2.60759425939973,0.751,0.088,0,"TPM1"
0,2.60259986562257,0.887,0.227,0,"CYSTM1"
0,2.59940737630014,0.79,0.079,0,"ERGIC1"
0,2.5981462367866,0.507,0.034,0,"FAM213A"
0,2.59206833215036,0.394,0.019,0,"HIST1H2BD"
0,2.58509480216011,0.335,0.015,0,"GRAMD2B"
0,2.58064981786969,0.523,0.033,0,"PARD6B"
0,2.57524300178316,0.335,0.016,0,"DLC1"
0,2.57284485893281,0.76,0.07,0,"SH3YL1"
0,2.56889992547875,0.465,0.025,0,"KIF9"
0,2.56669720730157,0.388,0.02,0,"SLC12A7"
0,2.56373492984026,0.986,0.368,0,"DSTN"
0,2.55966294205555,0.667,0.046,0,"HES1"
0,2.55751807988046,0.529,0.036,0,"TCEAL1"
0,2.55615115771684,0.559,0.031,0,"MLF1"
0,2.55523388475604,0.765,0.074,0,"LAPTM4B"
0,2.55516845485834,0.261,0.011,0,"PDGFA"
0,2.55406815965209,0.834,0.105,0,"MAGT1"
0,2.54248068675747,0.321,0.013,0,"SLC19A2"
0,2.54222205869856,0.27,0.011,0,"FHIT"
0,2.54047557595201,0.356,0.019,0,"DHX32"
0,2.53317584049463,0.957,0.272,0,"TIMP1"
0,2.52068839151516,0.377,0.017,0,"HTRA1"
0,2.52023603494442,0.436,0.024,0,"COBLL1"
0,2.51340112435721,0.681,0.058,0,"ETS2"
0,2.5120607986609,0.372,0.014,0,"IRAK3"
0,2.51115096238419,0.452,0.028,0,"SAMD12"
0,2.48960280375858,0.414,0.025,0,"HOOK1"
0,2.48523330311007,0.274,0.012,0,"LRRK2"
0,2.48358010222454,0.819,0.094,0,"PCBD1"
0,2.48301142648976,0.329,0.02,0,"SMIM1"
0,2.46914484064872,0.92,0.25,0,"TKT"
0,2.46881202744351,0.502,0.024,0,"YES1"
0,2.46398078585032,0.287,0.017,0,"PIGA"
0,2.4616397060055,0.397,0.024,0,"CDK2AP1"
0,2.4581741688656,0.399,0.027,0,"SLC25A23"
0,2.45361222773633,0.733,0.066,0,"RAB34"
0,2.45361025756384,0.455,0.03,0,"ADAM15"
0,2.44764257208864,0.977,0.758,0,"SSR4"
0,2.44608209009913,0.316,0.016,0,"PALLD"
0,2.44601989674495,0.291,0.018,0,"HIST1H4H"
0,2.44492469232174,0.421,0.023,0,"FCHO2"
0,2.44193425692149,0.279,0.012,0,"TNS3"
0,2.44100495381145,0.305,0.016,0,"BCORL1"
0,2.43795619818693,0.465,0.034,0,"CHPF"
0,2.43785124765844,0.533,0.036,0,"ALDH3A2"
0,2.43761630147566,0.342,0.008,0,"C1R"
0,2.43278855610922,0.361,0.022,0,"CYFIP1"
0,2.43211067872921,0.844,0.112,0,"TMEM205"
0,2.43181327021506,0.462,0.033,0,"CERS6"
0,2.42764762627701,0.273,0.011,0,"B3GNT5"
0,2.41747746401479,0.749,0.024,0,"S100A9"
0,2.41418541816434,0.44,0.024,0,"HIST2H2BE"
0,2.41353946208611,0.504,0.053,0,"FAM84B"
0,2.41306365499955,0.987,0.536,0,"GSTP1"
0,2.41296069365965,0.282,0.021,0,"RRAGD"
0,2.4124771510228,0.341,0.019,0,"C3orf14"
0,2.41157046758366,0.464,0.027,0,"MGST2"
0,2.40296160273868,0.922,0.25,0,"MORF4L2"
0,2.40162434492391,0.336,0.02,0,"FAM174B"
0,2.39517685245922,0.762,0.092,0,"STARD10"
0,2.39136730372058,0.701,0.059,0,"SCARB2"
0,2.38928854800053,0.673,0.038,0,"IGFBP4"
0,2.38807689166402,0.558,0.032,0,"TMEM176B"
0,2.38798584202645,0.703,0.076,0,"MBIP"
0,2.38175518097819,0.96,0.34,0,"HSPB1"
0,2.3808029388625,0.577,0.051,0,"IFNGR2"
0,2.37954117617193,0.464,0.029,0,"APOOL"
0,2.37015657223065,0.471,0.019,0,"EPAS1"
0,2.36666556174821,0.271,0.02,0,"CBR3"
0,2.36194428918427,0.601,0.046,0,"QSOX1"
0,2.36124707566875,0.493,0.031,0,"AKR1C3"
0,2.35947774958143,0.255,0.014,0,"AFMID"
0,2.35409548808863,0.389,0.02,0,"TCF7L2"
0,2.34697926045378,0.847,0.173,0,"DUSP23"
0,2.34049887207842,0.542,0.033,0,"ZBTB16"
0,2.34008199114213,0.304,0.017,0,"ZNF704"
0,2.33947227566418,0.337,0.024,0,"DUSP3"
0,2.33361192852328,0.774,0.09,0,"ARHGAP5"
0,2.33205469585418,0.328,0.023,0,"TRIP10"
0,2.32648878920584,0.733,0.083,0,"GGCT"
0,2.32287232334612,0.42,0.034,0,"PTP4A3"
0,2.32276759585317,0.799,0.176,0,"HIST1H1C"
0,2.31426272628946,0.513,0.036,0,"FAM174A"
0,2.3067901629777,0.41,0.019,0,"ENC1"
0,2.29912403145664,0.368,0.031,0,"WDR34"
0,2.29873538944644,0.987,0.573,0,"SAT1"
0,2.289133702525,0.764,0.078,0,"ID1"
0,2.28726143231706,0.502,0.038,0,"UGDH"
0,2.28364532434253,0.479,0.011,0,"CALD1"
0,2.28209159801526,0.382,0.026,0,"TSPAN4"
0,2.28114038597206,0.448,0.026,0,"SNTB1"
0,2.28021461141635,0.689,0.064,0,"ABHD2"
0,2.2770710387001,0.374,0.024,0,"NEK6"
0,2.2745427309051,0.326,0.02,0,"AL683813.1"
0,2.26865150388354,0.504,0.039,0,"MORC4"
0,2.26713856937011,0.701,0.074,0,"RTL8C"
0,2.26587898933739,0.432,0.033,0,"MAGED1"
0,2.26096527861017,0.35,0.024,0,"SYCE1L"
0,2.25751726450205,0.479,0.03,0,"PER2"
0,2.24941677201356,0.331,0.017,0,"CPNE8"
0,2.24889366307893,0.297,0.016,0,"TMEM164"
0,2.23955157520054,0.673,0.069,0,"SLC12A2"
0,2.23841516458627,0.354,0.02,0,"CAVIN2"
0,2.23583871338407,0.448,0.043,0,"JDP2"
0,2.23516084087218,0.93,0.233,0,"GLUL"
0,2.22601518669454,0.673,0.069,0,"ISOC2"
0,2.22526749166117,0.352,0.022,0,"TNFRSF10D"
0,2.22505713615054,0.796,0.129,0,"ARPC1A"
0,2.22490934657384,0.418,0.036,0,"MAGI3"
0,2.21523319213358,0.255,0.013,0,"IGF1R"
0,2.21331824727137,0.278,0.018,0,"USP40"
0,2.2041304159434,0.887,0.185,0,"LAMP2"
0,2.20288220866735,0.424,0.033,0,"IFT22"
0,2.20127391967525,0.376,0.022,0,"HMGN5"
0,2.2011137166729,0.875,0.186,0,"MCTS1"
0,2.19994133134136,0.267,0.017,0,"PPP1R13L"
0,2.19643539870155,0.432,0.032,0,"ZFHX3"
0,2.1935380283829,0.685,0.063,0,"FCGRT"
0,2.19291204429543,0.39,0.028,0,"XPR1"
0,2.19176433209871,0.398,0.028,0,"ITGAV"
0,2.19066298986956,0.356,0.017,0,"SPRY2"
0,2.18841408408454,0.737,0.139,0,"FBXO32"
0,2.18666490749316,0.786,0.098,0,"LPP"
0,2.18170153519031,0.393,0.029,0,"MIR222HG"
0,2.17561415386649,0.333,0.02,0,"ATP6V0A1"
0,2.17220332287435,0.53,0.043,0,"MTHFD2L"
0,2.16892919313343,0.847,0.163,0,"FAM3C"
0,2.16888869920642,0.57,0.043,0,"SLC22A18"
0,2.16584231300159,0.278,0.018,0,"LONRF3"
0,2.16284848872624,0.381,0.027,0,"CLIC4"
0,2.15919743637468,0.461,0.038,0,"MPZL1"
0,2.15033012890646,0.819,0.11,0,"HLA-DMA"
0,2.14854855528076,0.564,0.044,0,"RASD1"
0,2.14854456821248,0.527,0.05,0,"RBM41"
0,2.14403384791058,0.374,0.026,0,"RAI1"
0,2.14289613625312,0.486,0.038,0,"SPAG16"
0,2.13862131486767,0.264,0.013,0,"SULT1A1"
0,2.13677173939222,0.493,0.033,0,"ACSL1"
0,2.12886424291335,0.56,0.046,0,"GNAQ"
0,2.12629816768097,0.498,0.036,0,"MICAL2"
0,2.11319357111879,0.789,0.105,0,"MAP3K13"
0,2.11140884549881,0.356,0.024,0,"MYO1D"
0,2.10868958845286,0.847,0.137,0,"NFIC"
0,2.10823837402345,0.428,0.036,0,"ABHD11"
0,2.10789466902976,0.782,0.15,0,"NDRG1"
0,2.10600383367008,0.94,0.311,0,"PPA1"
0,2.0993469519129,0.928,0.334,0,"HLA-DRB1"
0,2.09441237035608,0.274,0.032,0,"CAPS"
0,2.08937511597968,0.416,0.031,0,"DNASE1L1"
0,2.08557576575093,0.915,0.172,0,"HLA-DRA"
0,2.08050508310769,0.744,0.074,0,"ELL2"
0,2.08018039194341,0.304,0.022,0,"NUDT8"
0,2.07056870653798,0.879,0.249,0,"TXNDC17"
0,2.07010608777789,0.862,0.155,0,"CD151"
0,2.06685083287522,0.3,0.025,0,"HIST1H2BC"
0,2.05203697305533,0.546,0.036,0,"CTBP2"
0,2.05135415851115,0.521,0.046,0,"FAM210B"
0,2.04893189433584,0.404,0.03,0,"ZBTB33"
0,2.03904760701528,0.796,0.119,0,"TMED3"
0,2.0389369082939,0.367,0.028,0,"STK3"
0,2.03840648175315,0.265,0.015,0,"AGAP1"
0,2.03820402012334,0.512,0.041,0,"TM7SF2"
0,2.03295079433579,0.334,0.027,0,"ARHGEF35"
0,2.03267429915904,0.883,0.197,0,"RAB11FIP1"
0,2.03246544709706,0.881,0.16,0,"HLA-DQB1"
0,2.02471563377785,0.492,0.043,0,"AIG1"
0,2.02123823343361,0.333,0.023,0,"CEP70"
0,2.01988859682588,0.808,0.128,0,"PDXK"
0,2.01604600570737,0.507,0.034,0,"MARCKS"
0,2.01593971990152,0.521,0.045,0,"ATP7A"
0,2.0146449514417,0.833,0.148,0,"NFKBIZ"
0,2.01413021305911,0.253,0.021,0,"GPR160"
0,2.00158390489657,0.468,0.037,0,"SEC24A"
0,2.00063906143571,0.349,0.027,0,"ARG2"
0,2.00028125612848,0.553,0.055,0,"WASL"
0,1.99923725160089,0.807,0.12,0,"SMIM14"
0,1.99392180289312,0.698,0.077,0,"SCPEP1"
0,1.99379655966929,0.32,0.02,0,"ZNF275"
0,1.99032611837508,0.283,0.02,0,"DAG1"
0,1.98625456341201,0.276,0.021,0,"RILP"
0,1.98559631189186,0.574,0.061,0,"MAGEF1"
0,1.98416433383423,0.289,0.018,0,"VDR"
0,1.98389432087535,0.934,0.369,0,"CANX"
0,1.98226909082346,0.875,0.198,0,"CTNNB1"
0,1.97986831704179,0.387,0.028,0,"ZNF844"
0,1.97948571098034,0.99,0.689,0,"CD63"
0,1.97633300825162,0.253,0.018,0,"RHOU"
0,1.95238740784523,0.512,0.046,0,"CTNNBIP1"
0,1.94682745940755,0.288,0.02,0,"ACVR1B"
0,1.94058010981449,0.938,0.326,0,"FKBP2"
0,1.93330435557667,0.601,0.059,0,"ARHGEF12"
0,1.9323212624031,0.34,0.025,0,"PER3"
0,1.92676978396208,0.829,0.142,0,"XIAP"
0,1.92551520715082,0.259,0.022,0,"AP002884.1"
0,1.92493211709714,0.999,0.916,0,"S100A6"
0,1.92458511635929,0.439,0.035,0,"ZMAT1"
0,1.91338634462788,0.893,0.205,0,"CD55"
0,1.90963452944275,0.898,0.221,0,"HSBP1"
0,1.90935675157039,0.899,0.216,0,"H2AFJ"
0,1.9071060965014,0.726,0.107,0,"FAM53C"
0,1.90486435550785,0.328,0.025,0,"SLC43A2"
0,1.9036617164528,0.42,0.04,0,"CHML"
0,1.90363667260155,0.774,0.105,0,"CPEB4"
0,1.89206478148064,0.593,0.064,0,"SNHG19"
0,1.8906300183219,0.856,0.19,0,"RNF145"
0,1.889395469782,0.349,0.032,0,"FASN"
0,1.88095213337907,0.267,0.021,0,"SRD5A1"
0,1.88030565327268,0.731,0.087,0,"DUSP6"
0,1.87232451634837,0.747,0.143,0,"BNIP3"
0,1.86863109818531,0.561,0.051,0,"CREG1"
0,1.8646488591895,0.347,0.03,0,"UBTD2"
0,1.8593937470593,0.438,0.038,0,"ITPRIPL2"
0,1.85733641354596,0.681,0.077,0,"ADRB2"
0,1.85666411754824,0.256,0.023,0,"AIFM2"
0,1.85314428344814,0.382,0.028,0,"MFGE8"
0,1.85123298377693,0.42,0.047,0,"ZNF358"
0,1.84443631758613,0.694,0.087,0,"METRN"
0,1.83541579045025,0.857,0.182,0,"PTTG1IP"
0,1.8279244555912,0.3,0.028,0,"INF2"
0,1.82636680971722,0.412,0.041,0,"NSDHL"
0,1.82459153868657,0.413,0.029,0,"CAVIN1"
0,1.82311153195432,0.909,0.31,0,"ATP1A1"
0,1.81644913146127,0.319,0.028,0,"KIFC3"
0,1.81387823327726,0.959,0.559,0,"SLC25A5"
0,1.81204243864913,0.546,0.062,0,"PPP4R1"
0,1.81122006443766,0.303,0.025,0,"LINC00467"
0,1.80845610741482,0.726,0.11,0,"CHP1"
0,1.80815866067877,0.708,0.067,0,"HLA-DQA1"
0,1.80744500020393,0.701,0.1,0,"NME4"
0,1.80609802112283,0.463,0.051,0,"PELI1"
0,1.80311246746849,0.878,0.2,0,"ASAH1"
0,1.80138983002606,0.29,0.028,0,"GBE1"
0,1.79611545365045,0.274,0.018,0,"PRRG2"
0,1.7955994186881,0.377,0.034,0,"SPAG1"
0,1.79302677588206,0.942,0.223,0,"CD9"
0,1.78487061228811,0.466,0.043,0,"NRARP"
0,1.78063371708748,0.892,0.242,0,"CD59"
0,1.77857418252106,0.441,0.044,0,"RRM2B"
0,1.77439306726407,0.51,0.066,0,"TAX1BP3"
0,1.77414467591844,0.32,0.028,0,"HYAL2"
0,1.77224420330987,0.851,0.196,0,"ARMCX3"
0,1.76981825796534,0.484,0.048,0,"TRAF4"
0,1.76979432262484,0.947,0.643,0,"PGK1"
0,1.7654361323299,0.376,0.028,0,"PPP1R13B"
0,1.76231495600203,0.587,0.075,0,"SLC39A4"
0,1.76188867065454,0.529,0.066,0,"TMEM159"
0,1.76040586332438,0.951,0.476,0,"CTSD"
0,1.75179289522303,0.362,0.009,0,"CSF3R"
0,1.7504391800446,0.395,0.033,0,"CD40"
0,1.75006198308386,0.654,0.075,0,"CXXC5"
0,1.74645140869668,0.683,0.094,0,"GPCPD1"
0,1.73930805401269,0.351,0.039,0,"PDP1"
0,1.73838467601334,0.48,0.056,0,"HEBP1"
0,1.73735559129272,0.784,0.146,0,"HIST1H2AC"
0,1.73459004828862,0.685,0.085,0,"HOOK2"
0,1.7323747509742,0.815,0.152,0,"RUNX1"
0,1.73100402520235,0.936,0.403,0,"BCAP31"
0,1.73021873496769,0.53,0.058,0,"TMED1"
0,1.72691629822286,0.291,0.027,0,"CBY1"
0,1.7269162658747,0.712,0.104,0,"SEC61A1"
0,1.72585736524413,0.969,0.474,0,"SELENOW"
0,1.72399582597783,0.961,0.739,0,"RPL36A"
0,1.72179170510295,0.263,0.019,0,"OSBPL10"
0,1.71771165181282,0.628,0.089,0,"PPP2CB"
0,1.71581330071934,0.291,0.022,0,"AK1"
0,1.71532273254044,0.533,0.048,0,"PIK3R3"
0,1.71216280160476,0.351,0.032,0,"SREBF1"
0,1.71095391790809,0.277,0.019,0,"NEIL1"
0,1.71083124016314,0.689,0.109,0,"G6PD"
0,1.71075364624678,0.623,0.082,0,"P4HA1"
0,1.71071126423496,0.425,0.032,0,"CRIM1"
0,1.70852178124087,0.253,0.023,0,"RAB11B-AS1"
0,1.70809383608867,0.639,0.093,0,"LTA4H"
0,1.70424440185529,0.689,0.099,0,"ATP2A2"
0,1.70307741282121,0.299,0.027,0,"KLF7"
0,1.70298486256894,0.379,0.033,0,"SETD7"
0,1.70273575039447,0.645,0.083,0,"CCDC6"
0,1.69888430795801,0.853,0.162,0,"RRBP1"
0,1.69759717537272,0.289,0.025,0,"LNX2"
0,1.69482570156353,0.595,0.075,0,"DIAPH2"
0,1.69405881513993,0.391,0.05,0,"NTHL1"
0,1.69146739676132,0.455,0.055,0,"SLC43A3"
0,1.68647011674139,0.348,0.037,0,"ODF3B"
0,1.68636106078179,0.343,0.028,0,"ZSWIM6"
0,1.68425169689628,0.975,0.993,0,"MT-CO3"
0,1.68177496738039,0.519,0.051,0,"HIST1H2BG"
0,1.68131136293972,0.569,0.069,0,"MTA1"
0,1.67812814409862,0.405,0.027,0,"HES4"
0,1.67789939500006,0.535,0.063,0,"PSMD10"
0,1.67672641757283,0.677,0.087,0,"SMAD5"
0,1.65362650601983,0.251,0.019,0,"FKBP14"
0,1.65269126357278,0.284,0.027,0,"EFHC1"
0,1.65133458865862,0.591,0.07,0,"TMEM9"
0,1.64663053260318,0.93,0.426,0,"CEBPB"
0,1.6438173635787,0.693,0.115,0,"C1GALT1C1"
0,1.64327921021154,0.47,0.055,0,"CDKN2A"
0,1.64010526498998,0.282,0.02,0,"ZNF703"
0,1.63925192599888,0.56,0.063,0,"FAM199X"
0,1.63916746962106,0.51,0.063,0,"AAMDC"
0,1.63914667541684,0.725,0.122,0,"CD2AP"
0,1.63606224314408,0.439,0.042,0,"LRIG1"
0,1.63352555133088,0.757,0.132,0,"PGM2L1"
0,1.63342325792219,0.607,0.081,0,"DPYSL2"
0,1.63335020155109,0.377,0.034,0,"ADAM28"
0,1.63227462533922,0.257,0.024,0,"CIITA"
0,1.63118700141287,0.473,0.051,0,"GAMT"
0,1.6309310195664,0.452,0.04,0,"BRWD3"
0,1.62817901914086,0.368,0.035,0,"CSF1"
0,1.62785751431268,1,0.951,0,"FTH1"
0,1.62773558514381,0.788,0.255,0,"HOPX"
0,1.62501936612757,0.738,0.11,0,"MAFF"
0,1.62275922706155,0.279,0.028,0,"PNPLA4"
0,1.62239238812971,0.947,0.303,0,"LMNA"
0,1.62199926655524,0.461,0.053,0,"GALNT7"
0,1.62109942901177,0.58,0.071,0,"MYL6B"
0,1.62062595377351,0.42,0.042,0,"SLC39A8"
0,1.61961971809423,0.337,0.034,0,"ARMCX5"
0,1.61860742765611,0.305,0.032,0,"DHFR"
0,1.61683011690406,0.649,0.097,0,"HIST3H2A"
0,1.60429202086205,0.693,0.115,0,"AHR"
0,1.60399037064925,0.336,0.033,0,"PPP1R12B"
0,1.60388442603586,0.259,0.025,0,"ABL1"
0,1.60378295979304,0.665,0.089,0,"BAG3"
0,1.60037449879654,0.468,0.05,0,"ENOSF1"
0,1.59900995930977,0.616,0.074,0,"LLGL2"
0,1.59720914818445,0.768,0.139,0,"OAT"
0,1.59462566579623,0.461,0.047,0,"RALGAPA2"
0,1.589735167832,0.699,0.105,0,"CALU"
0,1.58799639561664,0.289,0.027,0,"RAB12"
0,1.58505718321956,0.568,0.069,0,"MSRB2"
0,1.58320021516965,0.793,0.174,0,"PRDX4"
0,1.58190028046372,0.559,0.068,0,"SWI5"
0,1.57773551245491,0.271,0.024,0,"CEP126"
0,1.5769633735538,0.504,0.073,0,"NRIP1"
0,1.57533151325413,0.297,0.028,0,"MKL2"
0,1.57248016654234,0.449,0.049,0,"MYO1C"
0,1.57203538277555,0.717,0.13,0,"DAP"
0,1.57124140656783,0.3,0.028,0,"MPP5"
0,1.57117177025211,0.489,0.059,0,"SAV1"
0,1.561350497363,0.847,0.272,0,"CLTB"
0,1.55940854626393,0.34,0.035,0,"TMEM187"
0,1.55526065221868,0.38,0.042,0,"NXT2"
0,1.55503658345322,0.314,0.03,0,"PRSS23"
0,1.55390906381251,0.317,0.043,0,"MANBAL"
0,1.54936824338753,0.56,0.08,0,"SMCO4"
0,1.54861339806956,0.543,0.065,0,"MAP9"
0,1.54428076168379,0.924,0.308,0,"PSAP"
0,1.54334914116549,0.979,0.577,0,"CSTB"
0,1.54118264618544,0.611,0.08,0,"MIR29B2CHG"
0,1.5398434941502,0.459,0.051,0,"VCL"
0,1.53728862525115,0.346,0.039,0,"SOCS2"
0,1.53466788248122,0.439,0.048,0,"DOCK9"
0,1.53416699032122,0.934,0.526,0,"IDS"
0,1.52296357525863,0.522,0.065,0,"MYO9A"
0,1.52263190752334,0.424,0.046,0,"GNS"
0,1.51835122450114,0.405,0.042,0,"FAM122B"
0,1.51728418929047,0.654,0.096,0,"FAM3A"
0,1.5168043894355,0.7,0.102,0,"HSD17B12"
0,1.50500262286955,0.418,0.051,0,"MOSPD1"
0,1.50266742679524,0.689,0.118,0,"EI24"
0,1.49752763674169,0.686,0.12,0,"PDIA4"
0,1.49540008212768,0.836,0.193,0,"ATOX1"
0,1.49316800368823,0.498,0.06,0,"ARHGAP12"
0,1.49109425041129,0.287,0.031,0,"FAH"
0,1.49099860775495,0.817,0.163,0,"AREG"
0,1.48995292179782,0.283,0.023,0,"DOCK5"
0,1.48499166672447,0.372,0.04,0,"SSFA2"
0,1.48245556359271,0.356,0.038,0,"SLC25A29"
0,1.48075299624332,0.373,0.042,0,"GAA"
0,1.48004189579965,0.563,0.074,0,"SPTBN1"
0,1.47934776010678,0.44,0.053,0,"SNX18"
0,1.47782592000535,0.557,0.071,0,"PLXNA3"
0,1.47455038168795,0.313,0.029,0,"RETSAT"
0,1.47454217352299,0.883,0.228,0,"CEBPD"
0,1.4715673510778,0.635,0.099,0,"IPO7"
0,1.46822211153131,0.481,0.059,0,"ECE1"
0,1.4675000125406,0.414,0.054,0,"HSBP1L1"
0,1.46505898585495,0.379,0.043,0,"MEGF9"
0,1.46178030734206,0.408,0.041,0,"RXRA"
0,1.46104307646204,0.483,0.071,0,"LDLR"
0,1.45970605618626,0.577,0.077,0,"CYB561"
0,1.45913486108132,0.536,0.085,0,"STX3"
0,1.45896823012193,0.926,0.42,0,"DUSP1"
0,1.45823420322595,0.73,0.128,0,"SGK1"
0,1.45634872930786,0.307,0.033,0,"C1RL"
0,1.45426231081787,0.277,0.026,0,"SMURF1"
0,1.44647263151309,0.553,0.082,0,"HSD17B4"
0,1.4453508306421,0.604,0.095,0,"BOD1"
0,1.44360052672388,0.661,0.098,0,"ZMYND8"
0,1.44267534123323,0.826,0.257,0,"KCNQ1OT1"
0,1.44242588450795,0.674,0.115,0,"MCFD2"
0,1.44185815448144,0.315,0.034,0,"DLG3"
0,1.44080712777151,0.64,0.095,0,"TMED7"
0,1.44077944606333,0.402,0.039,0,"EPN2"
0,1.43766972536809,0.51,0.079,0,"LPCAT1"
0,1.43760526762095,0.286,0.032,0,"SVIL"
0,1.43749692755044,0.336,0.034,0,"DPY19L1"
0,1.43509804276514,0.425,0.047,0,"ATP2C1"
0,1.43298310960802,0.349,0.036,0,"TP53I11"
0,1.43029028508466,0.584,0.087,0,"USP53"
0,1.4267122457696,0.288,0.035,0,"MEX3D"
0,1.42286130030864,0.639,0.098,0,"SLC16A3"
0,1.42212812888354,0.836,0.263,0,"TIPARP"
0,1.41624719819939,0.493,0.068,0,"BCL2L1"
0,1.41607851002599,0.264,0.025,0,"EPHA4"
0,1.41508873407288,0.599,0.093,0,"HYI"
0,1.41328319221145,0.487,0.067,0,"NUDT16"
0,1.4038637798665,0.655,0.099,0,"ACSL4"
0,1.40249936757317,0.848,0.276,0,"AC020916.1"
0,1.40192292476717,0.517,0.066,0,"WDR60"
0,1.39914426616453,0.44,0.049,0,"CUL4B"
0,1.39823973277012,0.263,0.026,0,"CTSO"
0,1.39775859301477,0.802,0.14,0,"IL6ST"
0,1.3970629050671,0.784,0.168,0,"VMA21"
0,1.39701963124944,0.543,0.067,0,"PDZD8"
0,1.39576811688598,0.658,0.118,0,"GFPT1"
0,1.38777817250832,0.326,0.049,0,"AMIGO2"
0,1.38424175027887,0.441,0.053,0,"LRRC8A"
0,1.38398281670969,0.462,0.053,0,"AKAP1"
0,1.38205264869433,0.944,0.426,0,"UQCRQ"
0,1.3808652465806,0.669,0.122,0,"LSR"
0,1.37364828632889,0.79,0.191,0,"CLPTM1L"
0,1.37356970308621,0.252,0.028,0,"ALDH6A1"
0,1.37324670220914,0.728,0.138,0,"TMEM141"
0,1.371492670007,0.256,0.038,0,"HSPA6"
0,1.37132193144151,0.782,0.183,0,"PTMS"
0,1.37083182859114,0.934,0.37,0,"YWHAE"
0,1.3693092397432,0.76,0.158,0,"REEP3"
0,1.3679164469281,0.904,0.371,0,"TSTD1"
0,1.3670408056193,0.282,0.032,0,"SELENON"
0,1.36694638363592,0.638,0.1,0,"RNF130"
0,1.36283348337447,0.533,0.074,0,"PCYOX1"
0,1.3587431058263,0.671,0.133,0,"AHCYL1"
0,1.35799874240918,0.385,0.046,0,"ITPR3"
0,1.35569840318796,0.457,0.06,0,"VKORC1L1"
0,1.35457546966006,0.431,0.049,0,"ZBTB10"
0,1.35442955700714,0.374,0.043,0,"SPATS2"
0,1.34997299676555,0.342,0.036,0,"LINC00893"
0,1.34969707414763,0.371,0.047,0,"RNF141"
0,1.3474844443054,0.671,0.13,0,"CCNG1"
0,1.34364277354171,0.914,0.39,0,"FOSB"
0,1.34192027839587,0.831,0.209,0,"ATP6AP1"
0,1.34123571516901,0.498,0.084,0,"LRRC75A"
0,1.34044768051191,0.619,0.114,0,"IFT57"
0,1.33996195591622,0.623,0.099,0,"CCDC57"
0,1.33392692500719,0.4,0.049,0,"HACD2"
0,1.33098449450418,0.689,0.137,0,"RBMX2"
0,1.32681966182367,0.331,0.034,0,"DNAJC25"
0,1.32614244800426,0.804,0.19,0,"SELENOM"
0,1.3228923061656,0.718,0.142,0,"FAM120A"
0,1.3221019014129,0.34,0.035,0,"ATP11C"
0,1.32138555550351,0.931,0.542,0,"HSP90B1"
0,1.32008262946542,0.576,0.089,0,"BLVRA"
0,1.31803409325078,0.347,0.044,0,"ATG4A"
0,1.31337671156043,0.426,0.056,0,"MMAB"
0,1.31104996875223,0.576,0.094,0,"PLEKHA5"
0,1.31052780205924,0.477,0.067,0,"MAPK13"
0,1.30863628131605,0.828,0.201,0,"ADI1"
0,1.30777452743696,0.976,0.58,0,"ANXA2"
0,1.30769304429201,0.695,0.132,0,"ARL1"
0,1.30671856641548,0.333,0.041,0,"CXCL16"
0,1.30668767143989,0.67,0.115,0,"HACD3"
0,1.30375300434521,0.435,0.061,0,"PACSIN2"
0,1.29892815483691,0.643,0.127,0,"NPTN"
0,1.29385750119791,0.877,0.214,0,"NAMPT"
0,1.292911652238,0.684,0.14,0,"PLD3"
0,1.29143431785592,0.459,0.068,0,"COPG1"
0,1.28577245282194,0.308,0.033,0,"PLA2G12A"
0,1.28534239326667,0.464,0.067,0,"PRRC1"
0,1.28435887497724,0.992,0.846,0,"ACTG1"
0,1.28145041593859,0.307,0.036,0,"G6PC3"
0,1.28016718332747,0.291,0.033,0,"CHKA"
0,1.27894021068805,0.499,0.063,0,"ECHDC2"
0,1.27652187352251,0.643,0.121,0,"AK2"
0,1.27503740305791,0.529,0.094,0,"PHLDA3"
0,1.27370673714747,0.274,0.031,0,"FAM234A"
0,1.27369217829244,0.969,0.623,0,"COX7B"
0,1.27214562787701,0.251,0.029,0,"CORO1C"
0,1.27082856645076,0.467,0.075,0,"PDLIM5"
0,1.27054072032459,0.927,0.406,0,"P4HB"
0,1.26538512117883,0.597,0.091,0,"SLC25A4"
0,1.26137416377624,0.285,0.032,0,"SLC27A5"
0,1.25953765243985,0.371,0.041,0,"H6PD"
0,1.259267492251,0.403,0.05,0,"SEC24D"
0,1.25915863025799,0.916,0.433,0,"PRDX2"
0,1.25806448115142,0.774,0.187,0,"HNRNPH2"
0,1.25646520372455,0.258,0.035,0,"LZTS2"
0,1.25052120058264,0.974,0.58,0,"PPDPF"
0,1.24677066729805,0.438,0.056,0,"ATN1"
0,1.24469899583041,0.567,0.076,0,"CAMK2D"
0,1.24337758661147,0.976,0.988,0,"MT-ND1"
0,1.24238545692275,0.255,0.029,0,"QSER1"
0,1.24231535922872,0.319,0.04,0,"SH3PXD2A"
0,1.24215585585096,0.783,0.173,0,"MARCH6"
0,1.24037181081099,0.305,0.046,0,"JPT2"
0,1.23730980433784,0.882,0.274,0,"KDELR1"
0,1.23542047422822,0.611,0.119,0,"PHC2"
0,1.23499162699569,0.885,0.251,0,"PERP"
0,1.22951015325391,0.296,0.039,0,"DTX2"
0,1.22695117762928,0.257,0.03,0,"ACADSB"
0,1.22633058825379,0.498,0.073,0,"SSBP2"
0,1.22453834306117,0.441,0.076,0,"SLC2A1"
0,1.22396096256066,0.377,0.079,0,"TESC"
0,1.22383840850286,0.911,0.456,0,"LY6E"
0,1.2236940863273,0.37,0.049,0,"TIMM8A"
0,1.21937015248792,0.617,0.108,0,"TPD52"
0,1.21757015233274,0.368,0.047,0,"ZNF664"
0,1.21731174203391,0.257,0.03,0,"EFNA4"
0,1.21569245492817,0.52,0.097,0,"TENT5A"
0,1.21317923845815,0.265,0.032,0,"TRMT2B"
0,1.21016568197949,0.704,0.166,0,"IRAK1"
0,1.20790635134738,0.351,0.059,0,"TRIM47"
0,1.20497238551857,0.587,0.092,0,"RHOQ"
0,1.20409651626622,0.566,0.08,0,"AUTS2"
0,1.20366955244753,0.251,0.024,0,"FERMT2"
0,1.20182917237853,0.918,0.519,0,"VMP1"
0,1.20058307724309,0.251,0.031,0,"TMLHE"
0,1.19987126473396,0.401,0.06,0,"PEX13"
0,1.19896034176156,0.547,0.095,0,"IMPAD1"
0,1.19441840017443,0.986,0.562,0,"LGALS3"
0,1.19420925587798,0.974,0.628,0,"TXN"
0,1.19225369166975,0.493,0.046,0,"ADGRG1"
0,1.19154790241079,0.296,0.043,0,"OAS1"
0,1.19035529297209,0.416,0.057,0,"ENDOD1"
0,1.19000322177568,0.801,0.218,0,"MRPL14"
0,1.1879353721026,0.893,0.358,0,"HLA-DPA1"
0,1.18769334776005,0.35,0.045,0,"GALNT6"
0,1.18660442520069,0.654,0.117,0,"TSEN34"
0,1.18471238558085,0.656,0.121,0,"FMR1"
0,1.18070332976983,0.258,0.038,0,"RAB40C"
0,1.1721424619978,0.256,0.039,0,"ABL2"
0,1.17138208437698,0.65,0.135,0,"NME1"
0,1.17131661264942,0.337,0.044,0,"PAK1"
0,1.17122027576758,0.539,0.1,0,"CDC25B"
0,1.17005772831703,0.437,0.058,0,"GCSH"
0,1.16902595348519,0.599,0.11,0,"MBNL2"
0,1.16850179143099,0.434,0.064,0,"GRINA"
0,1.16791444342665,0.66,0.131,0,"SLC39A7"
0,1.16374287287834,0.882,0.289,0,"H2AFY"
0,1.15826957355065,0.761,0.184,0,"TMEM238"
0,1.15784762467194,0.422,0.056,0,"SERTAD2"
0,1.15759391222048,0.492,0.085,0,"ZNF414"
0,1.15744730709391,0.455,0.063,0,"ATP6V1A"
0,1.15625305623227,0.292,0.035,0,"HSD17B8"
0,1.15479621429983,0.259,0.017,0,"CLEC7A"
0,1.15429898550283,0.576,0.089,0,"CUX1"
0,1.15363214912606,0.263,0.037,0,"GNPNAT1"
0,1.15185696621975,0.817,0.221,0,"MLEC"
5.27612955482817e-186,1.14903216022177,0.556,0.245,1.20464589995837e-181,"FABP5"
0,1.14286139646261,0.971,0.632,0,"NDUFA1"
0,1.14151154676232,0.704,0.169,0,"SPATS2L"
0,1.14004630008692,0.866,0.287,0,"TMEM167A"
0,1.13600079182034,0.739,0.17,0,"RPN1"
0,1.13512264587505,0.408,0.059,0,"MPP7"
0,1.13410755611041,0.506,0.075,0,"C11orf1"
0,1.13365936111893,0.29,0.039,0,"KLHL5"
0,1.13248242685522,0.361,0.055,0,"MSANTD4"
0,1.13230904962556,0.558,0.09,0,"CREB3L2"
0,1.13208949303985,0.612,0.099,0,"BAZ2B"
0,1.13185312085825,0.477,0.081,0,"UTP14A"
0,1.12819267170182,0.577,0.096,0,"CHID1"
0,1.12695173509636,0.314,0.04,0,"SLC25A25"
0,1.1266473176117,0.444,0.091,0,"FBXO2"
0,1.12593592066286,0.551,0.089,0,"PATJ"
0,1.1221256200939,0.791,0.244,0,"TNFSF10"
0,1.12123378778617,0.539,0.087,0,"CHM"
0,1.1203778696855,0.257,0.032,0,"MYEF2"
0,1.11962864682,0.261,0.029,0,"ZNF75D"
0,1.11959117593701,0.406,0.055,0,"IFI27L1"
0,1.11859543224546,0.999,0.975,0,"RPL39"
0,1.11800090313675,0.751,0.168,0,"POLR2H"
0,1.11793344953912,0.268,0.027,0,"HIST1H2BH"
0,1.11787315900626,0.758,0.183,0,"RAB1A"
0,1.11462961792767,0.407,0.061,0,"HADH"
0,1.1126914654294,0.746,0.191,0,"UQCC2"
0,1.11180485418764,0.399,0.065,0,"ZNF444"
0,1.10787098306813,0.361,0.046,0,"SLC35F5"
0,1.10781634334943,0.672,0.151,0,"SRPRB"
0,1.10776387949887,0.843,0.248,0,"CAPN2"
0,1.10415888326567,0.38,0.06,0,"ARHGAP21"
0,1.10334473806102,0.916,0.392,0,"SSR3"
0,1.10310508500822,0.338,0.058,0,"EXOSC4"
0,1.10082905616655,0.514,0.083,0,"MMGT1"
0,1.09777940006048,0.681,0.133,0,"GRN"
0,1.09700503374907,0.863,0.281,0,"TTC3"
0,1.09689021726576,0.349,0.046,0,"CXorf56"
0,1.09530673382633,0.611,0.124,0,"MPST"
0,1.09238922342019,0.38,0.057,0,"B4GALT7"
0,1.09078698076758,0.529,0.082,0,"CSNK1E"
0,1.08776755093263,0.798,0.215,0,"DNAJC3"
0,1.08597034083016,0.683,0.155,0,"ARL3"
0,1.08305680018203,0.565,0.1,0,"BZW2"
0,1.08274535565976,0.786,0.188,0,"ABHD5"
0,1.07689281204101,0.483,0.076,0,"BRCC3"
0,1.07676770133608,0.83,0.276,0,"SLIRP"
0,1.07523724478397,0.622,0.121,0,"GOLPH3"
0,1.0730789699132,0.39,0.059,0,"ETFRF1"
0,1.07262117310547,0.316,0.037,0,"CCNYL1"
0,1.07251227545467,0.741,0.212,0,"PLA2G16"
0,1.07082166113847,0.689,0.145,0,"NDUFS4"
0,1.07077969098448,0.362,0.048,0,"RASA1"
0,1.06986180016493,0.934,0.707,0,"ZFP36L1"
0,1.06948534225315,0.81,0.226,0,"HDLBP"
0,1.06863744189265,0.796,0.225,0,"LAGE3"
0,1.06735471117538,0.45,0.064,0,"TMEM41A"
0,1.06684582082494,0.37,0.049,0,"TMEM185A"
0,1.06595668129668,0.781,0.197,0,"TMEM256"
0,1.06193344055424,0.828,0.261,0,"NAA10"
0,1.06067405836875,0.335,0.056,0,"TMEM99"
0,1.05975214956831,0.564,0.114,0,"COPRS"
0,1.0567096986316,0.78,0.183,0,"CCDC47"
0,1.0535963876851,0.502,0.07,0,"LYN"
0,1.05352773722661,0.302,0.054,0,"WARS"
0,1.05188244536762,0.266,0.028,0,"SPECC1"
0,1.05184875432765,0.354,0.05,0,"FEM1C"
0,1.05165128596326,0.442,0.07,0,"PGM1"
0,1.04993314695181,0.281,0.034,0,"SOCS5"
0,1.0495966640308,0.414,0.051,0,"GSE1"
0,1.0485260458501,0.456,0.069,0,"COX16"
0,1.04672822553135,0.747,0.177,0,"TOR1AIP2"
0,1.04669449252156,0.923,0.473,0,"CSNK1A1"
0,1.04630993091628,0.385,0.051,0,"IFT43"
6.32616766502988e-293,1.04369338368575,0.94,0.462,1.44439060127962e-288,"BRI3"
0,1.04113895017531,0.623,0.127,0,"YWHAG"
0,1.04008017814297,0.505,0.102,0,"NEDD9"
0,1.03919435471379,0.593,0.109,0,"PHF6"
0,1.03880128861525,0.73,0.21,0,"AGPAT2"
0,1.03810234215436,0.337,0.049,0,"RNF19B"
0,1.03800277519816,0.443,0.08,0,"TEN1"
0,1.03578084641951,0.502,0.086,0,"AIFM1"
0,1.03281044664984,0.508,0.09,0,"ATF6"
0,1.03241155276998,0.448,0.067,0,"DCTN4"
0,1.03211000018834,0.512,0.069,0,"PTPN12"
0,1.03177715591586,0.971,0.554,0,"PRDX5"
0,1.02625125468542,0.492,0.076,0,"TBC1D9B"
0,1.02285988797906,0.72,0.193,0,"ANXA4"
0,1.02042033222481,0.775,0.21,0,"CAMTA1"
0,1.01978606074788,0.772,0.198,0,"SEC31A"
0,1.01611108723586,0.346,0.052,0,"ACOX1"
0,1.01498939299202,0.419,0.07,0,"PTPA"
0,1.01001916448248,0.743,0.182,0,"CNIH4"
0,1.00967020708109,0.351,0.055,0,"CTSF"
0,1.0084431948656,0.469,0.083,0,"YIPF2"
0,1.00576826126895,0.621,0.109,0,"LIMA1"
0,1.00548917773018,0.276,0.044,0,"VARS"
0,1.00350092788998,0.618,0.119,0,"LTBP3"
0,1.00284070630449,0.825,0.262,0,"CLINT1"
0,1.00244631410095,0.579,0.112,0,"CISD1"
0,0.998738328560227,0.792,0.211,0,"EMD"
0,0.99562675776842,0.868,0.33,0,"TPM4"
0,0.995222699360531,0.327,0.044,0,"KLHDC10"
0,0.993357972332705,0.892,0.375,0,"ARF4"
0,0.993051549152159,0.412,0.071,0,"AHCY"
0,0.991897366537588,0.92,0.411,0,"NDUFA2"
0,0.991358520826358,0.621,0.115,0,"PIGP"
0,0.987938911447826,0.475,0.081,0,"NFE2L1"
0,0.987695509039705,0.895,0.405,0,"TMED9"
0,0.98733879193481,0.278,0.04,0,"ACVR1"
0,0.987318938163798,0.618,0.144,0,"TMEM106B"
0,0.986221219416539,0.646,0.148,0,"AP1S1"
0,0.985758008291964,0.36,0.044,0,"MCTP2"
0,0.985069791190752,0.531,0.094,0,"PDXDC1"
0,0.984661921082756,0.68,0.155,0,"EBPL"
0,0.984366832877976,0.558,0.118,0,"MRPS25"
0,0.984202825351584,0.407,0.07,0,"ACSL5"
0,0.983830499786166,0.932,0.464,0,"NUCKS1"
0,0.983222922194211,0.651,0.134,0,"NUCB2"
0,0.983150558216871,0.977,0.99,0,"MT-ND4"
0,0.98023402021061,0.65,0.14,0,"RPL26L1"
0,0.980025834208389,0.3,0.042,0,"FUCA1"
0,0.979951233957862,0.523,0.099,0,"PLPP5"
0,0.978220385487597,0.361,0.051,0,"RGL2"
0,0.976872611442502,0.911,0.456,0,"ATRX"
3.52140337796332e-191,0.976323226066379,0.712,0.343,8.04006819256584e-187,"FLNA"
0,0.974451036834975,0.347,0.048,0,"ZC2HC1A"
0,0.97345474591746,0.914,0.423,0,"NDUFS6"
0,0.971405240069088,0.522,0.107,0,"MCRIP2"
0,0.970845969764275,0.786,0.196,0,"CDKN1A"
0,0.968178892050604,0.311,0.044,0,"SLC11A2"
0,0.964463031771749,0.731,0.159,0,"C7orf50"
0,0.963791215542345,0.848,0.282,0,"ETFB"
0,0.962437171920933,0.336,0.049,0,"MLLT1"
0,0.962334006633758,0.424,0.059,0,"NCKAP5L"
0,0.962101820163076,0.739,0.181,0,"LARP1"
0,0.960381942536973,0.907,0.347,0,"LAPTM4A"
0,0.959437124661257,0.753,0.213,0,"FAM162A"
0,0.959206838160191,0.454,0.093,0,"ZDHHC3"
0,0.956590703932012,0.37,0.058,0,"LINC01184"
0,0.955862270093002,0.585,0.115,0,"EMC2"
0,0.95530720227918,0.41,0.073,0,"MAPK6"
0,0.953838040454783,0.902,0.362,0,"PHPT1"
0,0.953250181945884,0.521,0.095,0,"PLSCR1"
0,0.9509857146374,1,0.99,0,"RPL10"
0,0.948884801549994,0.415,0.071,0,"VAMP7"
0,0.946529829768505,0.331,0.047,0,"RMDN3"
0,0.946288151812983,0.67,0.154,0,"WDR45B"
8.89318162514244e-323,0.944361224888379,0.262,0.042,2.03049122865252e-318,"DNAL4"
0,0.943267671316017,0.745,0.226,0,"MT-ND6"
0,0.941851831450083,0.885,0.366,0,"PDIA6"
0,0.941849711363542,0.477,0.084,0,"EIF2AK4"
0,0.941486333704728,0.357,0.045,0,"SLFN13"
0,0.940762309937126,0.311,0.045,0,"MZF1"
0,0.940487499374615,0.349,0.058,0,"ZFYVE19"
0,0.938930812698848,0.379,0.065,0,"SHC1"
0,0.938923347247691,0.533,0.089,0,"IRF2BPL"
0,0.938811428675316,0.588,0.127,0,"UGCG"
0,0.938697000892838,0.295,0.048,0,"EVA1C"
0,0.937498590542472,0.317,0.043,0,"NBPF14"
0,0.935118819883458,0.94,0.719,0,"JUN"
0,0.932193130379928,0.58,0.138,0,"CSRP1"
0,0.931624644275475,0.916,0.402,0,"FOS"
0,0.929870129132658,0.986,0.995,0,"MT-CO1"
0,0.929450144563608,0.543,0.113,0,"UBXN6"
0,0.929309361954537,0.319,0.028,0,"ICA1"
0,0.924077666758441,0.738,0.197,0,"NKAP"
0,0.923538165097845,0.68,0.151,0,"NANS"
0,0.923393616351583,0.632,0.144,0,"ZNF593"
0,0.923358445601989,0.882,0.371,0,"RAB2A"
0,0.922703866928965,0.666,0.157,0,"PTP4A1"
0,0.920536211076435,0.599,0.103,0,"CDKN1C"
0,0.916430488085162,0.418,0.053,0,"HLA-DMB"
0,0.913821536768369,0.623,0.162,0,"ANKRD37"
0,0.91280797543626,0.381,0.066,0,"MSRB1"
0,0.911063590225332,0.629,0.124,0,"CLU"
0,0.909138887571708,0.466,0.08,0,"KDM3B"
0,0.908165906304795,0.291,0.045,0,"NT5C2"
0,0.906262902299562,0.728,0.19,0,"CHMP4B"
0,0.905964656484705,0.272,0.04,0,"TMCC1"
0,0.904938400916298,0.302,0.051,0,"CA11"
0,0.902956079923282,0.885,0.33,0,"NDUFC1"
2.42343188196543e-300,0.902791454734356,0.267,0.047,5.53317967290347e-296,"PLEKHB1"
0,0.902297542713716,0.521,0.106,0,"ZMAT3"
9.12562027194758e-277,0.901234826395455,0.978,0.644,2.08356162049107e-272,"GPX4"
0,0.898872832306045,0.527,0.108,0,"PFKFB3"
0,0.89703472841039,0.623,0.141,0,"UBE2D1"
2.49033411084489e-277,0.89553054234112,0.949,0.937,5.68593084188106e-273,"NEAT1"
0,0.893567603053352,0.368,0.059,0,"TCTA"
0,0.891576238548304,0.522,0.101,0,"ACSL3"
0,0.890339779663738,0.356,0.065,0,"LONP1"
0,0.889409832726392,0.727,0.218,0,"ERO1A"
0,0.88904746569965,0.797,0.224,0,"MMP24OS"
0,0.888463585191144,0.271,0.042,0,"STAM2"
0,0.88768621415739,0.486,0.098,0,"UCHL3"
0,0.884300925280446,0.304,0.048,0,"SGPL1"
0,0.883383160652102,0.656,0.165,0,"HPRT1"
0,0.881333475427094,0.517,0.106,0,"RARS"
0,0.878369837914988,0.494,0.12,0,"MYC"
0,0.877531975024583,0.322,0.048,0,"TK2"
0,0.874950390968023,0.377,0.064,0,"ZBTB7B"
0,0.874873685790972,0.439,0.062,0,"BASP1"
0,0.873760970090059,0.409,0.077,0,"MTURN"
0,0.868530465479154,0.265,0.036,0,"HIP1"
0,0.868513727259766,0.659,0.183,0,"GIPC1"
0,0.865527894113527,0.397,0.051,0,"NDFIP2"
0,0.865125411663309,0.663,0.156,0,"CBX5"
0,0.862559208834996,0.385,0.053,0,"PRR7"
0,0.862495476400871,0.43,0.066,0,"USP38"
0,0.86181985601643,0.403,0.064,0,"SGMS1"
0,0.861797380117355,0.605,0.119,0,"NINJ1"
0,0.861583365986607,0.616,0.136,0,"MRPL40"
0,0.861448114236694,0.288,0.041,0,"GNA12"
0,0.860288493001009,0.3,0.048,0,"NACC1"
1.20620359651883e-303,0.857525899130098,0.285,0.052,2.7540040515718e-299,"DVL1"
0,0.856675074852111,0.373,0.053,0,"KIF1B"
0,0.855809816763498,0.456,0.079,0,"MAPK9"
0,0.855132060036708,0.882,0.326,0,"HSPH1"
0,0.854177701517278,0.518,0.102,0,"SND1"
0,0.853493957736242,0.677,0.211,0,"RHOC"
5.11326780250262e-212,0.853060828468912,0.919,0.581,1.1674613046674e-207,"HSPA5"
0,0.846058398762448,0.33,0.058,0,"GSTZ1"
0,0.845855042586577,0.609,0.149,0,"GALNT10"
0,0.844226522901592,0.506,0.091,0,"NF1"
1.90533529542115e-274,0.844056852009897,0.267,0.051,4.35026154650558e-270,"SMUG1"
0,0.840430024520297,0.554,0.117,0,"SMARCA4"
0,0.840379986090368,0.393,0.067,0,"TMEM214"
0,0.838988537948571,0.71,0.195,0,"ATP6V1D"
0,0.838598418913015,0.513,0.101,0,"MRNIP"
0,0.837069839034044,0.482,0.089,0,"OXR1"
0,0.836523382933287,0.417,0.08,0,"PRR34-AS1"
0,0.836462531904982,0.743,0.216,0,"TIMM13"
0,0.834387912042302,0.802,0.283,0,"FUNDC2"
0,0.834202290496338,0.789,0.245,0,"IDH3G"
0,0.833703514170907,0.681,0.172,0,"ARF3"
0,0.830642079161828,0.353,0.059,0,"CRYL1"
1.22905391361873e-311,0.829761819267132,0.801,0.3,2.80617589557429e-307,"MANF"
0,0.825369834865359,0.409,0.073,0,"HYOU1"
0,0.82511372780333,0.334,0.05,0,"MFSD6"
0,0.824659191424772,0.829,0.258,0,"ARL4A"
0,0.8240612204202,0.371,0.059,0,"PTRH1"
1.32952489324415e-287,0.823355065517409,0.272,0.05,3.03557123625505e-283,"APOL1"
0,0.822821127580185,0.62,0.131,0,"CASC4"
0,0.821089234887115,0.708,0.191,0,"EIF4G1"
0,0.820275575645129,0.312,0.051,0,"ENOX2"
0,0.819009000767613,0.866,0.382,0,"HLA-DPB1"
0,0.818742656648202,0.553,0.118,0,"SLC35B1"
0,0.818725731581199,0.564,0.111,0,"VEZT"
4.38753751793998e-113,0.81761663508934,0.256,0.088,1.00176256609606e-108,"PEA15"
0,0.816932548535699,0.745,0.198,0,"CHMP3"
0,0.81312898810264,0.677,0.168,0,"DYNC1LI2"
0,0.810761736734048,0.673,0.185,0,"SLC20A1"
0,0.808572393637505,0.371,0.06,0,"LRRC23"
0,0.808102382963433,0.583,0.121,0,"GOLGA2"
0,0.802509903940947,0.345,0.058,0,"CCP110"
0,0.801960946547458,0.354,0.047,0,"PLAUR"
0,0.801948280060354,0.706,0.196,0,"IMPDH2"
0,0.801483399822762,0.398,0.07,0,"ZFYVE21"
0,0.799264938344658,0.417,0.086,0,"SUN1"
0,0.79730307691956,0.517,0.101,0,"KIAA1191"
0,0.796746174891403,0.267,0.043,0,"RUFY3"
0,0.794255376684603,0.535,0.109,0,"SUCLG2"
0,0.794026241272702,0.603,0.157,0,"DNAJB12"
0,0.793417228001446,0.436,0.099,0,"KIF22"
1.23743727402707e-295,0.793258067476164,0.275,0.05,2.8253167840586e-291,"ABCD3"
0,0.793114305994619,0.321,0.05,0,"DHRS7B"
3.00872627877488e-207,0.792645846079598,0.922,0.457,6.86952383969882e-203,"ANXA5"
0,0.791601086587839,0.544,0.11,0,"ESYT2"
0,0.791235701102498,0.693,0.206,0,"PSMB5"
3.88201672318764e-279,0.790576942624253,0.947,0.66,8.86342058238203e-275,"CALR"
0,0.790474123911404,0.279,0.044,0,"ICK"
0,0.790116103857028,0.632,0.161,0,"SCOC"
0,0.788004700425431,0.611,0.122,0,"IRS2"
0,0.786943017707003,0.436,0.077,0,"MTX2"
2.91906128987214e-283,0.785857683336542,0.257,0.046,6.66480073703606e-279,"XRCC4"
0,0.78559827765644,0.263,0.036,0,"HOMER1"
0,0.7852965098297,0.37,0.069,0,"LARP1B"
0,0.783338690710595,0.766,0.22,0,"STAU1"
0,0.782770391001199,0.432,0.078,0,"ATP13A3"
0,0.78265999169478,0.455,0.089,0,"ALG2"
0,0.778259769470524,0.451,0.089,0,"SLC10A3"
0,0.777923436994206,0.269,0.04,0,"ZYG11B"
0,0.776747356424716,0.538,0.126,0,"ZNF281"
7.97502035035726e-243,0.776163521826789,0.979,0.983,1.82085664639357e-238,"MT-ND2"
0,0.775710129809348,0.688,0.182,0,"CLTC"
0,0.774227554192623,0.41,0.092,0,"LACTB2"
0,0.770905673605363,0.621,0.138,0,"FBXW11"
0,0.769277555335413,0.492,0.123,0,"C12orf49"
0,0.767951388162971,0.446,0.086,0,"NECTIN3"
1.75607846189627e-256,0.767477939604816,0.955,0.674,4.00947834420155e-252,"TPI1"
0,0.765495227773848,0.535,0.097,0,"ST3GAL5"
0,0.763834517997698,0.795,0.279,0,"BNIP3L"
0,0.763567420022142,0.682,0.178,0,"STT3B"
3.95915807502439e-283,0.763132599477982,0.681,0.238,9.03954971689569e-279,"PMEPA1"
1.13888102946327e-288,0.761568237686888,0.252,0.043,2.60029316647053e-284,"CORO2A"
5.09247930095084e-251,0.760834256320958,0.887,0.435,1.1627148739931e-246,"TOP1"
0,0.759846250848969,0.562,0.115,0,"FAF2"
4.43488213649406e-112,0.754759303618609,0.988,0.791,1.01257228940432e-107,"S100A11"
0,0.754581203132663,0.256,0.039,0,"PCBD2"
4.34501091578626e-319,0.752461002662258,0.757,0.275,9.92052892292319e-315,"MARCKSL1"
0,0.752367965281829,0.471,0.115,0,"DNTTIP1"
2.29864832232673e-317,0.751848755913344,0.273,0.046,5.2482738495364e-313,"UBFD1"
7.73436181329328e-283,0.7481548235548,0.255,0.045,1.76590948921112e-278,"CETN3"
0,0.747977902319091,0.331,0.056,0,"ATL2"
0,0.746984974346467,0.695,0.214,0,"VTI1B"
0,0.74689281029453,0.719,0.192,0,"ERGIC3"
0,0.746862298940588,0.695,0.186,0,"HTATSF1"
0,0.746660369813278,0.561,0.129,0,"NPEPPS"
0,0.7461404476815,0.405,0.073,0,"ARFIP1"
0,0.74573168362946,0.491,0.096,0,"PTS"
0,0.744532730732643,0.414,0.073,0,"SNX27"
0,0.74372899277218,0.505,0.096,0,"LY96"
0,0.743092744283122,0.396,0.071,0,"SEC16A"
0,0.742948608461492,0.682,0.172,0,"DCXR"
0,0.742895711862504,0.471,0.081,0,"RYK"
0,0.742750932253703,0.31,0.049,0,"TMCO4"
0,0.740092194807185,0.618,0.137,0,"TSPAN31"
3.85779301979637e-318,0.737471393992718,0.272,0.045,8.80811302279908e-314,"SPINK2"
0,0.737336608324789,0.397,0.068,0,"UBN2"
0,0.737260566496874,0.438,0.079,0,"STK39"
0,0.736165465176529,0.444,0.084,0,"MAST4"
0,0.734800386858196,0.377,0.081,0,"AFDN"
0,0.733903713725261,0.518,0.109,0,"ROCK2"
0,0.731121731381656,0.576,0.128,0,"RDX"
0,0.730240901680441,0.325,0.058,0,"PGD"
0,0.728324112385522,0.746,0.224,0,"PNKD"
0,0.726311342429526,0.629,0.16,0,"TXNDC15"
0,0.725617987579163,0.514,0.112,0,"KDM5B"
0,0.725402959697795,0.406,0.077,0,"COMMD10"
0,0.724697160089234,0.711,0.178,0,"ALG13"
0,0.724696049771876,0.502,0.093,0,"GLA"
0,0.724549193216698,0.592,0.148,0,"EBNA1BP2"
0,0.724545055980888,0.461,0.082,0,"CCNG2"
0,0.724147613195948,0.422,0.086,0,"PML"
3.22058994882105e-244,0.724077789452058,0.871,0.368,7.35325097114821e-240,"RHEB"
0,0.721604443994437,0.504,0.098,0,"MLXIP"
0,0.717067894082407,0.54,0.119,0,"USO1"
5.75164347725708e-268,0.716118110261889,0.843,0.357,1.31321523872734e-263,"CAMLG"
1.15052704631652e-262,0.715101010461106,0.909,0.427,2.62688335214988e-258,"LMAN2"
0,0.714352011006019,0.316,0.05,0,"GOLIM4"
0,0.713793487243355,0.331,0.058,0,"CXorf40B"
0,0.713259859623514,0.452,0.087,0,"SWAP70"
0,0.712628742727638,0.394,0.061,0,"GGCX"
0,0.712229259414099,0.51,0.108,0,"NBEAL1"
0,0.711555744771391,0.543,0.122,0,"TP53TG1"
0,0.709802330451064,0.531,0.131,0,"C1GALT1"
7.91614216297553e-287,0.709692394052419,0.276,0.052,1.80741357865057e-282,"RPE"
0,0.709656023766878,0.577,0.156,0,"MT-ATP8"
0,0.708509157008446,0.403,0.076,0,"NUDT9"
0,0.70759195786,0.428,0.087,0,"TM7SF3"
0,0.706960850320265,0.452,0.091,0,"FEZ2"
0,0.706597061671278,0.75,0.23,0,"BTG3"
0,0.705289411580799,0.272,0.038,0,"KLHL15"
9.66113750241224e-318,0.705087190786938,0.272,0.045,2.20583091455076e-313,"KLHL2"
9.38724727098368e-322,0.703846888317446,0.401,0.091,2.14329629691099e-317,"GOT1"
0,0.702277529224908,0.537,0.115,0,"GDE1"
6.46786174532607e-224,0.702258655480717,0.977,0.637,1.47674219369285e-219,"SQSTM1"
0,0.702136826651065,0.372,0.077,0,"SLC35A4"
4.95986919604348e-238,0.701800678807343,0.855,0.369,1.13243733484065e-233,"TUBA1C"
0,0.69857578643414,0.458,0.099,0,"RFK"
1.58101006669199e-322,0.698441952995245,0.985,0.89,3.60976218427115e-318,"RPL23"
0,0.698114694363675,0.588,0.153,0,"BAD"
0,0.696691509558789,0.511,0.107,0,"HMGCS1"
7.84066199734352e-263,0.695417870511845,0.966,0.699,1.79017994723347e-258,"ZFAS1"
0,0.694026987263606,0.326,0.055,0,"AMMECR1"
0,0.693715317954388,0.808,0.267,0,"THOC2"
0,0.693598373756967,0.551,0.104,0,"SLC35E1"
0,0.692536631830173,0.379,0.073,0,"STT3A"
3.78096463515281e-62,0.692445571458259,0.983,0.832,8.6326984549809e-58,"S100A10"
0,0.692246065089724,0.876,0.336,0,"ZFAND5"
0,0.691384463948634,0.475,0.095,0,"SIRT1"
1.5750833544854e-309,0.689927902889356,0.815,0.294,3.59623031496106e-305,"KDELR2"
0,0.689581285609628,0.805,0.245,0,"TOB1"
1.08694442085074e-322,0.688821253947854,0.833,0.297,2.48171150168642e-318,"TMEM14C"
0,0.688656759732081,0.554,0.12,0,"USP22"
9.54905027688124e-235,0.687599369189659,0.894,0.394,2.18023915921753e-230,"CHMP2A"
0,0.687448259698878,0.709,0.203,0,"TFG"
0,0.685492925511873,0.463,0.08,0,"KIAA0319L"
0,0.68336897071655,0.564,0.133,0,"COA5"
2.8099667944411e-311,0.682571137375304,0.328,0.066,6.41571618506793e-307,"GMPPB"
0,0.682470993407457,0.343,0.057,0,"RNF103"
5.39690003888949e-239,0.67542903931213,1,0.97,1.23222021687925e-234,"FTL"
0,0.674260615014269,0.296,0.05,0,"ENPP4"
0,0.673904110872241,0.552,0.122,0,"POR"
0,0.673770031265359,0.265,0.037,0,"SLC30A1"
5.29513625925583e-267,0.673743392691913,0.901,0.407,1.20898551071329e-262,"RTN4"
1.05981783265637e-164,0.671558392912546,0.796,0.396,2.41977607552103e-160,"SERPINB1"
0,0.670910692737082,0.345,0.057,0,"SLC44A1"
0,0.670685929509667,0.758,0.221,0,"SOD2"
0,0.669902189071291,0.388,0.078,0,"NTPCR"
0,0.66944875853823,0.349,0.062,0,"SLC30A9"
0,0.66832299643234,0.363,0.071,0,"TRIOBP"
6.63878299630842e-162,0.666763609641696,0.949,0.556,1.51576693371714e-157,"VAMP8"
0,0.666259929817741,0.422,0.079,0,"EXOC3"
0,0.665602173645349,0.47,0.09,0,"SCAMP1"
0,0.664204738578699,0.421,0.078,0,"BCL6"
0,0.663769674468636,0.639,0.17,0,"GPI"
0,0.662894117953047,0.591,0.145,0,"ST3GAL1"
5.46310924996632e-263,0.661868719837499,0.842,0.337,1.24733710395231e-258,"SCP2"
0,0.661642519990531,0.529,0.105,0,"ANK3"
1.27869605871806e-189,0.660450914451754,0.969,0.761,2.91951884126508e-185,"PABPC1"
1.16759567290242e-290,0.660445981348419,0.313,0.064,2.66585444037081e-286,"POLR3H"
9.07262193882668e-274,0.659757980590827,0.821,0.311,2.07146104107291e-269,"MYDGF"
1.73140100194737e-234,0.658350472386698,0.279,0.063,3.95313476764623e-230,"CASP7"
0,0.657393673196393,0.778,0.241,0,"SAR1B"
0,0.656867901232977,0.621,0.142,0,"FAM214A"
1.59577893206948e-223,0.655945059449707,0.962,0.73,3.64348245770104e-219,"EEF2"
0,0.655176268603005,0.752,0.244,0,"AQP3"
0,0.655007342708483,0.331,0.061,0,"AC027644.3"
0,0.654484840486601,0.75,0.194,0,"IER3"
0,0.652849812482947,0.464,0.098,0,"TNFRSF10B"
0,0.652810967983248,0.272,0.035,0,"RAB32"
0,0.652798956028422,0.39,0.079,0,"PDZD11"
0,0.651059625726254,0.502,0.116,0,"SBNO2"
4.45717915791096e-188,0.650841485906013,0.93,0.472,1.01766314533423e-183,"SEM1"
0,0.649430839058823,0.423,0.094,0,"MVB12A"
1.62991469318827e-314,0.64797342408905,0.302,0.056,3.72142122748746e-310,"YIPF1"
0,0.647917743278009,0.425,0.095,0,"VAMP3"
0,0.64706095758314,0.309,0.056,0,"DELE1"
0,0.646658727873913,0.571,0.136,0,"UQCC3"
0,0.645794894666984,0.731,0.207,0,"CCPG1"
6.33196841287865e-297,0.645588759596895,0.303,0.06,1.44571502802845e-292,"FAM126A"
1.79206502928245e-318,0.644538722831655,0.336,0.068,4.0916428748577e-314,"TMCO3"
0,0.643469977784965,0.632,0.161,0,"MRPL55"
0,0.643249302630468,0.65,0.164,0,"C5orf24"
0,0.642861485504922,0.492,0.12,0,"PLIN3"
8.83806328663813e-229,0.642676883715767,0.874,0.388,2.01790660960522e-224,"COX14"
1.02406405414097e-270,0.642634116721704,0.292,0.06,2.33814304841466e-266,"AKT1S1"
1.19154077536806e-251,0.642497069666924,0.983,0.996,2.72052589832035e-247,"MT-ATP6"
0,0.64146184964973,0.298,0.051,0,"PCGF3"
0,0.639021984680994,0.644,0.157,0,"NUDT4"
0,0.636778609927804,0.279,0.039,0,"RGS3"
6.11879642959367e-282,0.63640280056263,0.798,0.314,1.39704360080483e-277,"ODC1"
0,0.635001525224822,0.422,0.078,0,"TP53INP1"
0,0.634164555170735,0.593,0.157,0,"PAIP1"
2.55185364228219e-256,0.63243564138221,0.978,0.855,5.82639223605869e-252,"NPM1"
0,0.631803383805262,0.297,0.052,0,"HSDL2"
3.05158788410072e-206,0.630810767545538,0.921,0.492,6.96738545697877e-202,"VAPA"
5.83762917393141e-246,0.629926031109969,0.267,0.056,1.33284749299202e-241,"UNC93B1"
1.56674933962743e-294,0.629803053011186,0.316,0.064,3.57720209223734e-290,"ILVBL"
0,0.629035297605732,0.681,0.194,0,"PRDX3"
5.50988318142809e-184,0.628576104283411,0.947,0.588,1.25801652798366e-179,"CAST"
0,0.626147105141305,0.291,0.05,0,"AVL9"
0,0.626026276622419,0.732,0.219,0,"OS9"
0,0.625245729316457,0.381,0.08,0,"SLMAP"
0,0.6238188450689,0.502,0.117,0,"NAPG"
1.86909534256254e-234,0.623536182732757,0.862,0.353,4.26751848613879e-230,"TMEM219"
0,0.622813266938833,0.391,0.066,0,"NOTCH2"
0,0.622265766549573,0.342,0.056,0,"TET2"
6.42289901135023e-304,0.621614852354096,0.86,0.324,1.46647630227148e-299,"TMED10"
7.63685948473241e-170,0.621437744186885,0.949,0.558,1.7436477575541e-165,"SEC61G"
2.49899604449444e-250,0.620795513380124,0.895,0.433,5.7057077687897e-246,"SNHG8"
6.07064051265896e-310,0.620224112120328,0.807,0.283,1.38604864185029e-305,"TMEM208"
0,0.620110378606356,0.483,0.112,0,"SMIM30"
2.17395637919022e-281,0.619108993547858,0.99,0.937,4.96357720496711e-277,"RPL7"
0,0.614110114670107,0.508,0.119,0,"PPA2"
2.19424379799616e-306,0.61333389410325,0.35,0.075,5.00989743958484e-302,"SPSB1"
1.8517244785751e-165,0.611762548602039,0.949,0.58,4.22785732948266e-161,"MIF"
0,0.611666375997434,0.593,0.145,0,"UBE2H"
0,0.611613803310437,0.555,0.129,0,"GPAA1"
4.27534895932008e-297,0.609134209257156,0.301,0.059,9.7614767439196e-293,"WRB"
5.35948178245827e-297,0.608200771878892,0.288,0.054,1.22367688057087e-292,"GMPPA"
1.09012977285423e-280,0.606370156493191,0.334,0.074,2.48898429738078e-276,"PRKCI"
0,0.6052962915689,0.6,0.132,0,"CBX4"
0,0.604795797641655,0.43,0.087,0,"FUT8"
0,0.603793454310358,0.599,0.164,0,"SLC39A1"
0,0.603324325238968,0.566,0.13,0,"PGRMC2"
6.02012067482222e-192,0.603194680564483,0.903,0.418,1.37451395247541e-187,"ROMO1"
3.48215244975123e-188,0.603082893314227,0.912,0.622,7.950450473272e-184,"CD81"
1.4673749681485e-320,0.601459288369504,0.644,0.2,3.35031052727666e-316,"PHLDA1"
0,0.601161074258214,0.358,0.066,0,"FAM91A1"
8.76392623503079e-235,0.600961393594136,0.883,0.423,2.00097963798223e-230,"HNRNPAB"
0,0.600083597530743,0.367,0.064,0,"SNX13"
8.75551077704836e-222,0.59962130672868,0.888,0.384,1.99905822061568e-217,"ANAPC11"
0,0.599294520594815,0.347,0.055,0,"UVSSA"
1.37005408302092e-268,0.59909643010031,0.392,0.1,3.12810748235335e-264,"EPS8L2"
0,0.598497529871482,0.657,0.18,0,"PABPC4"
0,0.597081985133199,0.354,0.066,0,"BMPR2"
0,0.596788638944599,0.731,0.207,0,"AFF4"
0,0.596163656389854,0.601,0.145,0,"MIR22HG"
0,0.595562741381923,0.431,0.09,0,"SAMD4B"
1.3379534462975e-266,0.59553045195651,0.987,0.923,3.05481530858645e-262,"RACK1"
7.33648643292221e-257,0.593282428257348,0.794,0.289,1.6750665823648e-252,"LAMTOR2"
0,0.59292087102724,0.782,0.264,0,"NORAD"
0,0.592735265100348,0.537,0.119,0,"YIPF6"
1.42464616272294e-183,0.592271888502774,0.537,0.197,3.25275211872901e-179,"TXNRD1"
0,0.592073519720653,0.563,0.128,0,"ZC3H12A"
0,0.591949345172155,0.372,0.074,0,"SCYL2"
7.95828993807986e-210,0.591877826081365,0.296,0.075,1.81703675866239e-205,"NR1D1"
0,0.591665053505446,0.496,0.131,0,"SLC16A7"
1.14045036201473e-309,0.591136422928843,0.772,0.255,2.60387626655204e-305,"NENF"
0,0.590633445284087,0.458,0.091,0,"ABI2"
0,0.590242687854631,0.496,0.124,0,"NDUFV3"
0,0.589932540378572,0.513,0.126,0,"FLYWCH2"
3.13347462669296e-194,0.58951011769407,0.901,0.492,7.15434926766537e-190,"SLC38A2"
0,0.588750394150489,0.408,0.084,0,"IMMP1L"
0,0.587895871589057,0.362,0.072,0,"AGPAT1"
0,0.587748963503055,0.571,0.139,0,"FAM120AOS"
1.58394489059712e-297,0.587382346246514,0.681,0.215,3.61646297421134e-293,"MRPL23"
3.44862803430669e-258,0.58672332705324,0.811,0.302,7.87390752792904e-254,"POLR2I"
0,0.58382634942359,0.388,0.081,0,"SEC23B"
0,0.583235089404359,0.375,0.073,0,"SYNJ2BP"
0,0.582938019641321,0.548,0.135,0,"PTOV1"
0,0.582372634910495,0.387,0.072,0,"CCDC14"
3.22173082932902e-291,0.581569660075292,0.282,0.053,7.35585582952403e-287,"SYVN1"
0,0.581383762949708,0.472,0.118,0,"UBE2E1"
2.02513620319286e-193,0.580560875784223,0.925,0.587,4.62379097912995e-189,"PDIA3"
3.04926580060625e-179,0.577407849463009,0.866,0.422,6.96208367594418e-175,"TRAM1"
0,0.57604417599099,0.508,0.108,0,"TMEM18"
0,0.574913194594177,0.689,0.206,0,"YIF1A"
0,0.574213166884785,0.327,0.055,0,"INTS6L"
0,0.572588854245447,0.678,0.188,0,"EMC10"
7.06965531065615e-311,0.570912563866851,0.73,0.24,1.61414370052901e-306,"CHCHD7"
0,0.570390618482936,0.337,0.065,0,"THEM6"
0,0.568764062678361,0.588,0.164,0,"MRPL27"
0,0.568549585448185,0.826,0.256,0,"IFRD1"
2.85389368557389e-291,0.567814787016401,0.563,0.166,6.51601006290231e-287,"LRRC59"
7.94259978738871e-284,0.566795957158357,0.369,0.087,1.81345438345659e-279,"C6orf106"
0,0.566742816558622,0.373,0.069,0,"PANK3"
1.16303456509112e-193,0.565823074762489,0.918,0.637,2.65544051901605e-189,"TSC22D3"
8.56560566396171e-147,0.565619313457506,0.966,0.696,1.95569908519574e-142,"COX6C"
1.32860655880523e-200,0.564846207165808,0.866,0.409,3.0334744950641e-196,"SH3BGRL"
2.12448227711736e-321,0.564677794712291,0.515,0.136,4.85061793511436e-317,"EPN1"
0,0.564225355301247,0.722,0.206,0,"MRPL21"
0,0.563310261299883,0.605,0.172,0,"CCNQ"
0,0.56321811569837,0.469,0.094,0,"RERE"
2.52367957449212e-263,0.562974012156162,0.294,0.062,5.7620652044804e-259,"CANT1"
5.02436244741022e-198,0.561484727375395,0.873,0.426,1.1471624339927e-193,"XBP1"
1.29361572602748e-272,0.561410865722589,0.382,0.094,2.95358342566594e-268,"ZDHHC4"
0,0.561257847223714,0.491,0.112,0,"DPM2"
2.44068429045576e-321,0.56102744438546,0.351,0.072,5.57257037196859e-317,"HNRNPUL2"
0,0.560710561127893,0.516,0.128,0,"SSSCA1"
0,0.560177114919646,0.588,0.144,0,"DDX42"
0,0.559802355835923,0.45,0.099,0,"AC010642.2"
0,0.55979348305878,0.298,0.053,0,"RAPGEF2"
2.77874985439464e-271,0.55814061134873,0.743,0.258,6.34444166755383e-267,"MRPL36"
0,0.557946813007707,0.487,0.105,0,"MED13L"
1.92737549278683e-244,0.556944545819225,0.697,0.253,4.4005837251309e-240,"SDF2L1"
0,0.556358498165766,0.314,0.056,0,"KIF3B"
0,0.555841982649147,0.77,0.252,0,"FKBP5"
0,0.553444956148586,0.614,0.148,0,"PTPRE"
0,0.551775985490731,0.632,0.172,0,"RAD23B"
1.66994382817761e-269,0.549206354218878,0.263,0.05,3.81281574849513e-265,"LPCAT3"
2.8870551327868e-180,0.549072843324662,0.853,0.384,6.59172427917883e-176,"MRPL33"
0,0.546844300875,0.419,0.096,0,"TWF1"
1.12545216047765e-241,0.545261475885557,0.742,0.278,2.56963237280257e-237,"MVP"
2.96439387504748e-323,0.54482020534964,0.753,0.241,6.7683040955084e-319,"SMIM7"
0,0.544394798095897,0.343,0.064,0,"OGFOD3"
0,0.54325888234418,0.745,0.229,0,"MKNK2"
5.6540549501734e-279,0.541681063028781,0.553,0.166,1.29093382622359e-274,"TMBIM1"
8.06841076805849e-239,0.541524959779036,0.815,0.315,1.84217954656312e-234,"NHP2"
2.20253371738978e-157,0.541174442538335,0.945,0.669,5.02882498354435e-153,"ENO1"
8.60542769632438e-262,0.540376110028994,0.453,0.127,1.96479125162478e-257,"RRAS"
8.69037261818106e-317,0.539974322568307,0.736,0.233,1.9841858761831e-312,"TIMM8B"
3.51437011355796e-313,0.539813832405987,0.607,0.177,8.02400984327553e-309,"CBR1"
1.10043881938031e-294,0.539470639128984,0.707,0.228,2.51252191240912e-290,"ECHS1"
0,0.539320771653663,0.385,0.08,0,"STRN3"
3.8833559763122e-321,0.538535954422819,0.345,0.07,8.86647836511601e-317,"STX6"
0,0.535547170864728,0.615,0.168,0,"ACBD3"
3.03186078212959e-182,0.535255141312026,0.905,0.46,6.92234453775828e-178,"NDFIP1"
1.33397749478146e-282,0.53509629296294,0.296,0.059,3.04573741608503e-278,"TEX261"
0,0.53455166124155,0.534,0.135,0,"AIDA"
0,0.53441798910671,0.428,0.091,0,"IVD"
8.93415597965944e-191,0.533669034775573,0.855,0.376,2.03984649327584e-186,"VDAC1"
0,0.533355353846374,0.688,0.199,0,"ETF1"
0,0.532539236143898,0.447,0.099,0,"CYB5R1"
6.06353446545336e-309,0.532149969845734,0.265,0.045,1.38442618915231e-304,"AC023157.3"
3.29547750205347e-282,0.531340984141143,0.414,0.105,7.52423423268849e-278,"PAFAH1B3"
0,0.530302004384063,0.436,0.09,0,"MEPCE"
0,0.529770224290682,0.493,0.125,0,"NIPSNAP2"
0,0.529382974123764,0.639,0.161,0,"MGMT"
8.05263272156348e-284,0.528890836670739,0.376,0.089,1.83857710298737e-279,"DERA"
6.91943695544776e-300,0.526032520548219,0.263,0.045,1.57984584566783e-295,"RBM27"
1.53676295321184e-239,0.520969377182536,0.26,0.054,3.50873717477328e-235,"AP1B1"
5.77978312128906e-237,0.520765065656498,0.25,0.051,1.31964008225272e-232,"ACAD8"
1.88118000408953e-261,0.520672923844925,0.305,0.067,4.29511018533721e-257,"TMEM127"
0,0.519959258183309,0.436,0.104,0,"DUSP10"
0,0.515160410624601,0.547,0.13,0,"NR1D2"
6.49782496223244e-291,0.514311388497265,0.283,0.053,1.48358339537691e-286,"SPRYD7"
1.71212084989151e-244,0.513320347416636,0.867,0.366,3.90911432447229e-240,"CD46"
1.08905248030516e-246,0.513052364025779,0.714,0.258,2.48652462303274e-242,"EPB41L4A-AS1"
0,0.512112691389691,0.455,0.099,0,"PREPL"
0,0.510399190075508,0.492,0.108,0,"ASAP1"
0,0.50728362858884,0.412,0.094,0,"SMIM20"
5.1540326693298e-262,0.507281239450311,0.29,0.062,1.17676873906138e-257,"ATF5"
0,0.506813404915032,0.597,0.161,0,"CHCHD5"
7.08134714013882e-297,0.506477669065433,0.349,0.076,1.6168131790365e-292,"NDUFA7"
4.74408909182299e-303,0.505907634128386,0.997,0.966,1.08317042144502e-298,"RPS24"
1.40018231811961e-297,0.505781956981244,0.27,0.048,3.19689626873069e-293,"UBR3"
1.65194068015554e-208,0.5056457624225,0.856,0.363,3.77171096093113e-204,"FAM50A"
0,0.504780222424496,0.592,0.162,0,"NDUFAF2"
0,0.504285303711783,0.623,0.153,0,"CMTM8"
0,0.502541811146341,0.365,0.069,0,"ZMYM4"
0,0.502392901397867,0.389,0.074,0,"PIK3C2A"
1.78343750282485e-119,0.502187846631068,0.961,0.612,4.0719445064497e-115,"RAC1"
0,0.50187355874501,0.54,0.138,0,"AP3D1"
1.56824853068082e-115,0.501838633793741,0.936,0.724,3.58062504525045e-111,"LDHA"
0,0.501380273288696,0.595,0.148,0,"ARRDC3"
0,0.500881143095841,0.513,0.12,0,"FNDC3A"